,AE,AF,AG,AN,AO,AR,AT,AU,AW,BB,BD,BE,BF,BG,BH,BR,BS,BW,CA,CG,CH,CK,CL,CN,CO,CR,CV,CY,CZ,DE,DK,DZ,EC,EE,EG,ES,ET,FI,FR,GA,GB,GE,GR,GT,GU,HR,HU,ID,IE,IL,IN,IQ,IS,IT,JM,JO,JP,KE,KR,KW,KY,KZ,LB,LC,LU,LV,LY,MA,MH,MK,MO,MQ,MT,MU,MV,MX,MY,MZ,NG,NL,NO,NZ,OM,PA,PG,PH,PK,PL,PR,PT,QA,RO,RU,RW,SA,SE,SG,SI,SK,SN,SZ,TD,TH,TM,TN,TR,TT,TW,TZ,UA,UG,US,UY,VE,VG,VN,YE,ZA,ZM
P1,187.6763333,1.295666667,17.823,0.072666667,3.713333333,0,26.22533333,192.0343333,0,0,0,0.118666667,0,0,0,0.564666667,1.194,0,1297.723833,0,23.716,0,0,537.5268333,2.3295,0.036333333,0,0,0,495.442404,45.41533333,0.062333333,0,0,0.613,292.7351667,13.37866667,0.375666667,478.6038333,0,438.2595993,0,13.165,0,0.491666667,1.9475,1.956,0,0.3795,6.688333333,49.34316667,0.058666667,0.663166667,20.658,0,0.092,113.8141667,1.070166667,0.886333333,0,0,0.230666667,0,0,8.206666667,0,0,0,0,0,0.437333333,0,0.799333333,0,0.341166667,6.117,0.666666667,1.153333333,6.589,3.837666667,13.729,2.493833333,0,0,6.1765,6.869166667,0.084166667,0.036333333,0.023,8.375,0.226166667,0,0,0,12.693,1.968166667,26.737,45.64916667,0,0,0,0,1.329333333,0,0,0.022,0.807166667,1.9145,0,0,0.115333333,7589.301394,0.366166667,1.786666667,0,0,0.11,40.722,0
P2,16.11666667,0,5.785833333,2.725333333,3.2175,0,7.691666667,15.634,0,0,0,0.276666667,0,0,0,0,0.1435,0,66.18516667,0,6.883,0,0.109,14.709,0.476333333,0,0,0,0,45.51833333,4.68,1.5445,0,0,0.238,11.30633333,2.652666667,0.015166667,3.382666667,0,48.95333333,0.115333333,0.384833333,0,0,0.381333333,0.344666667,0.115333333,0.115333333,1.431333333,5.653333333,0.037166667,0.172833333,3.593833333,0,0.0345,21.0315,0.230666667,0.596,0,0,0.692,0,0,3.265666667,0,0.015166667,0.011,0,0,0,0,0.145333333,0,0.557666667,0.894333333,0.091,0,0.643666667,1.229333333,2.825666667,0.7955,0,0,2.028,2.9245,0,0,0.023,3.108666667,0.959,0,0,0,1.7985,0.929666667,7.8045,2.6035,0,0,0,0,0,0,0.007333333,0,0.516666667,5.453833333,0,0,0,536.8218333,1.563833333,0.363333333,0,0,0.029333333,8.784666667,0
P3,0.640666667,0,0.110833333,0,3.114,0,1.4245,1.015333333,0,0,0,0,0,0,0,0,0.023,0,4.953333333,0,0.672833333,0,0,1.145666667,0.0115,0,0,0,0,5.155166667,0.533166667,0.581333333,0,0,0,0.636166667,0.922666667,0,0.246833333,0,3.8395,0,0.188,0,0,0.264666667,0.159333333,0,0,0,0.512833333,0.007333333,0,0.003666667,0,0,4.5015,0,0,0,0,0,0,0,0.011,0,0,0,0,0,0,0,0,0,0,0.003666667,0.003666667,0,0.128666667,0,0,0.3575,0,0.145333333,0.230666667,2.502666667,0,0,0,2.537333333,0,0,0,0,0.473333333,0,1.4245,0.492666667,0,0,0,0,0,0,0,0,0,0.807333333,0,0,0,53.65416667,0.0115,0,0,0,0,1.295,0
P4,0.176237381,0,1.0955,0,1.153333333,0,0.3185,2.78937881,0,0,0.115333333,0,0,0,0,0,0,0,4.443631303,0,0.146166667,0,0.036333333,1.428333333,0.060666667,0,0,0,0,4.293833333,0.216,0.014666667,0,0,0.072666667,0.957333333,0.115333333,0.003666667,2.031,0,3.016833333,0,0.363333333,0,0,0.173391333,0.0115,0,0,0,0.723833333,0.029833333,0,0.115333333,0,0,2.145833333,0,0.007333333,0,0,0.115333333,0,0,0.107370517,0,0,0,0,0,0,0,0.036333333,0,0.145333333,0.119,0,0.315529,0.267333333,0.109,1.083333333,0.023,0,0,0.203166667,0.047474762,0,0,0,0.515724666,0,0,0,0,0,0.014666667,0.011,0.098833333,0,0,0,0,0,0,0,0,0,0.003666667,0,0,0,50.35088439,0.0115,0.218,0,0,0.011,0.7175,0
P5,0.51420501,0,0,0,0,0,0.3645,1.621491047,0,0,0,0,0,0,0,0,0,0,0.512737381,0,0.462163296,0,0,0.417333333,0,0,0,0,0,2.30168217,0.115333333,0,0,0,0,0.047833333,0.461333333,0,0.034,0,3.894656554,0,0.036333333,0,0,0,0.003666667,0,0,0.023967629,0.3575,0,0,0,0,0,2.949074085,0,0.045099323,0,0,0.115333333,0,0,0.210432657,0,0.003666667,0,0,0,0,0,0,0,0,0,0.003666667,0,0.045099323,0,0,0,0,0,0.115333333,0.014666667,0,0.003666667,0,0.515724666,0,0.003666667,0,0,0.011,0.023967629,0.339449333,0.003666667,0,0,0,0,0,0,0,0,0,0.084862333,0,0,0,14.16923979,0,0,0,0,0,0.322166667,0
P6,0.399753666,0,0,0,0.115333333,0,0.34682399,1.045333333,0,0,0,0,0,0,0,0,0,0,0.325282857,0,0.670307904,0,0,0.093935259,0,0,0,0,0,1.652080245,0,0,0,0,0,0.023,0,0.036474762,0.108829963,0,0.614726878,0,0.036333333,0,0,0.003666667,0,0,0,0.105400286,0.424311666,0,0,0.061503371,0,0,0.140666667,0,0.129367915,0,0,0,0,0,0,0,0,0,0,0,0,0,0,0,0,0.027634296,0,0,0,0.084862333,0.138333333,0,0,0,0,0.690666667,0,0,0,0.461333333,0.045099323,0,0,0,0,0,0.084862333,0,0,0,0,0,0,0.047935259,0,0,0,0,0,0.084862333,0,4.595683734,0,0.045099323,0,0,0,0.319195667,0
P7,0,0,0,0,0,0,0,0.063967629,0,0,0,0,0,0,0,0.084862333,0,0,0,0,0.003666667,0,0,0,0,0,0,0,0,0.178297592,0,0,0,0,0,0,0,0,0,0,0.26587881,0,0.036333333,0,0,0,0,0,0,0,0,0,0,0.0115,0,0,0,0,0,0,0,0,0,0,0,0,0,0,0,0,0,0,0,0,0,0.03670501,0,0,0,0.036333333,0.119,0,0,0,0,0.007333333,0,0,0,0.115333333,0,0,0,0,0,0,0,0,0,0,0,0,0,0,0,0,0,0,0,0,0,6.119560793,0,0,0,0,0,0.023967629,0
P8,0.038212143,0.090198646,0,0,0,0.108829963,0.097599714,0.21482399,0,0,0,0,0,0,0,0.025474762,0,0,0.047935259,0,0.097599714,0,0,0.012737381,0,0,0,0,0,1.063129283,0,0,0,0,0,0.084862333,0.084862333,0,0,0,0.158779096,0,0,0,0,0,0,0,0,0,0.084862333,0,0,0.083311466,0,0,0,0,0,0,0,0,0,0,0.268095561,0,0,0,0,0,0,0,0,0,0,0.184740361,0.108829963,0,0,0,0,0,0,0,0,0.179404048,0,0,0,0.339449333,0.069066953,0,0,0,0,0.023967629,0.045099323,0,0,0,0,0,0,0,0,0,0,0.084862333,0,0,0,3.754485931,0,0,0,0,0,0.097599714,0
P9,0.045099323,0.045099323,0,0,0,0,0,0,0,0,0,0,0,0,0,0,0,0,0,0,0,0,0,0,0,0,0,0,0,0.256865313,0,0,0,0,0,0,0,0,0,0,0,0,0,0,0,0,0,0,0,0,0,0,0,0,0,0,0.169724666,0,0,0,0,0,0,0,0,0,0.084862333,0,0,0,0,0,0,0,0,0,0,0,0,0,0,0,0,0,0,0,0,0,0,0.169724666,0,0,0,0,0,0.023967629,0,0,0,0,0,0,0,0,0,0,0,0,0,0,0,1.04776599,0,0,0,0,0,0,0
P10,0.012737381,0,0,0,0,0,0,0.023967629,0,0,0,0,0,0,0,0,0,0,0.023967629,0,0.339449333,0,0,0,0,0,0,0,0,0.173510113,0,0.081804334,0,0,0,0,0.084862333,0,0,0,0,0,0,0,0,0,0,0,0,0,0,0,0,0,0,0,0.012737381,0,0,0,0,0,0,0,0.184740361,0,0,0,0,0,0,0,0,0,0,0,0,0,0.045099323,0,0,0,0,0,0,0.012737381,0,0,0,0.084862333,0,0,0,0,0,0,0,0,0,0,0,0,0.0115,0,0,0,0,0,0,0,0,0.67182081,0,0,0,0,0,0.084862333,0
P11,0,0,0,0,0,0,0,0,0,0,0,0,0,0,0,0,0,0,0,0,0,0,0,0,0,0,0,0,0,0,0,0,0,0,0,0,0,0,0,0,0,0,0,0,0,0,0,0,0,0,0,0,0,0,0,0,0.047833333,0,0,0,0,0,0,0,0,0,0,0,0,0,0,0,0,0,0,0,0,0,0,0,0,0,0,0,0,0,0,0,0,0,0,0,0,0,0,0,0,0,0,0,0,0,0,0,0,0,0,0,0,0,0,0,0,0,0,0,0,0,0
P12,0,0,0,0,0,0,0,0,0,0,0,0,0,0,0,0,0,0,0,0,0,0,0,0,0,0,0,0,0,0,0,0,0,0,0,0,0,0,0.0115,0,0,0,0,0,0,0,0,0,0,0,0,0,0,0,0,0,0,0,0,0,0,0,0,0,0,0,0,0,0,0,0,0,0,0,0,0,0,0,0,0,0,0,0,0,0,0,0,0,0,0,0,0,0,0,0,0,0,0,0,0,0,0,0,0,0,0,0,0,0,0,0,0.242166667,0,0,0,0,0,0,0
P13,0,0,0,0,0,0,0,0,0,0,0,0,0,0,0,0,0,0,0,0,0,0,0,0,0,0,0,0,0,0,0,0,0,0,0,0,0,0,0,0,0,0,0,0,0,0,0,0,0,0,0,0,0,0,0,0,0.003666667,0,0,0,0,0,0,0,0,0,0,0,0,0,0,0,0,0,0,0,0,0,0,0,0,0,0,0,0,0,0,0,0,0,0,0,0,0,0,0,0,0,0,0,0,0,0,0,0,0,0,0,0,0,0,0,0,0,0,0,0,0,0
P14,0,0,0,0,0,0,0,0.047833333,0,0,0,0,0,0,0,0,0,0,0,0,0,0,0,0,0,0,0,0,0,0.036333333,0,0,0,0,0,0,0,0,0,0,0,0,0,0,0,0,0,0,0,0,0,0,0,0,0,0,0,0,0,0,0,0,0,0,0,0,0,0,0,0,0,0,0,0,0,0,0,0,0,0,0,0,0,0,0,0,0,0,0,0,0,0,0,0,0,0,0,0,0,0,0,0,0,0,0,0,0,0,0,0,0,0.04,0,0,0,0,0,0,0
P15,0.241627554,0,0,0,0,0,0,0.119,0,0,0,0,0,0,0,0,0,0,0.272098555,0,0.267324381,0,0,0,0,0,0,0,0,0.387340857,0,0,0,0,0,0,0,0,0,0,0.292799143,0,0,0,0,0,0,0,0,0,0.177896915,0,0,0,0,0,0.160432657,0,0,0,0,0.084862333,0,0,0.0115,0,0.012737381,0,0,0,0.084862333,0,0,0,0,0,0,0,0,0,0,0,0,0,0,0.003666667,0,0,0,0,0,0.012737381,0,0,0,0,0.047935259,0,0,0,0,0,0,0,0,0,0,0,0,0,0,1.614812421,0,0,0,0,0,0,0
P17,0.280061762,0,0,0,0,0,0,0.117002211,0,0,0,0,0,0,0,0,0,0,0.469188925,0,0.478646242,0,0,0,0,0,0,0,0,0.444441609,0,0,0,0,0,0,0,0.023967629,0.023967629,0,0.758638244,0,0,0,0.090198646,0,0,0,0,0,0,0,0,0.023967629,0,0,0,0,0,0,0,0,0,0,0,0,0,0,0,0,0.045099323,0,0,0,0,0,0.023967629,0,0,0,0,0,0,0,0,0,0,0,0,0,0.084862333,0,0,0,0,0,0,0,0,0,0,0,0,0,0,0,0,0,0,0,0,1.438547674,0,0,0,0,0,0,0
P18,0,0,0,0,0,0,0,0,0,0,0,0,0,0,0,0,0,0,0.115333333,0,0,0,0,0,0,0,0,0,0,0,0,0,0,0,0,0.0115,0,0,0,0,0.076333333,0,0,0,0,0,0,0,0,0,0,0,0,0,0,0,0,0,0,0,0,0,0,0,0,0,0,0,0,0,0,0,0,0,0,0,0,0,0,0,0,0,0,0,0,0,0,0,0,0,0,0,0,0,0,0,0,0,0,0,0,0,0,0,0,0,0,0,0,0,0,0.0115,0,0,0,0,0,0,0
P20,0,0,0,0,0,0,0,0,0,0,0,0,0,0,0,0,0,0,0,0,0,0,0,0,0,0,0,0,0,0.0115,0,0,0,0,0,0,0,0,0,0,0.076333333,0,0,0,0,0,0,0,0,0,0,0,0,0,0,0,0,0,0,0,0,0,0,0,0,0,0,0,0,0,0,0,0,0,0,0,0,0,0,0,0,0,0,0,0,0,0,0,0,0,0,0,0,0,0,0,0,0,0,0,0,0,0,0,0,0,0,0,0,0,0,0,0,0,0,0,0,0,0
P23,0,0,0,0,0,0,0,0,0,0,0,0,0,0,0,0,0,0,0,0,0,0,0,0,0,0,0,0,0,0,0,0,0,0,0,0,0,0,0,0,0,0,0,0,0,0,0,0,0,0,0,0,0,0,0,0,0,0,0,0,0,0,0,0,0,0,0,0,0,0,0,0,0,0,0,0,0,0,0,0,0,0,0,0,0,0,0,0,0,0,0,0,0,0,0,0,0,0,0,0,0,0,0,0,0,0,0,0,0,0,0,0.668833333,0,0,0,0,0,0,0
P25,0.044,0,0,0,0,0,0,0,0,0,0,0,0,0,0,0,0,0,0.461333333,0,0.230666667,0,0,0,0,0,0,0,0,2.028833333,0,0,0,0,0,0,0,0,0,0,0.022,0,0,0,0,0,0,0,0,0,0.138,0,0,0,0,0,0,0,0,0,0,0,0,0,0,0,0,0,0,0,0,0,0,0,0,0.069,0,0,0,0,0,0,0,0,0,0,0,0,0,0,0,0,0,0,0,0,2.768,0,0,0,0,0,0,0,0,0,0,0,0,0,0,15.389,0,0,0,0,0,0,0
P26,0,0,0,0,0,0,0,0,0,0,0,0,0,0,0,0,0,0,0,0,0,0,0,0,0,0,0,0,0,0,0,0,0,0,0,0,0,0,0,0,0,0,0,0,0,0,0,0,0,0,0,0,0,0,0,0,0,0,0,0,0,0,0,0,0,0,0,0,0,0,0,0,0,0,0,0,0,0,0,0,0,0,0,0,0,0,0,0,0,0,0,0,0,0,0,0,0,0,0,0,0,0,0,0,0,0,0,0,0,0,0,0.072666667,0,0,0,0,0,0,0
P27,1.197333333,0.115333333,0.530333333,0,1.384,1.816666667,27.101,7.254333333,0,0,0,0.115333333,0,0,0,0.692,0.115,0,84.25483333,0,31.32783333,0,0,6.958166667,0.046,0,0,0,0,68.47060309,2.643333333,0.128141429,0,0,0,8.517166667,3.806,0.036333333,15.00269567,0,19.40426599,1.153333333,8.11,0,0,0.28,0.066,0,0,0.267666667,6.125833333,0.376666667,0.014666667,7.1485,0,0,28.08980096,0,0,0,0,1.153333333,0,0,0,0,0.015166667,0,0,0.011,0.064833333,0,0,0,0,3.917961656,0.16,0,0.155333333,4.617,7.266666667,0.046,0,0,3.577333333,7.893808095,0,0,0.109,1.669058,0.4895,0.003666667,0,0,0,0.375666667,0,11.54333333,0,0,0,0,0,0,0.141666667,0.135666667,0,0.230666667,0,0,0,500.197029,20.3915,1.562333333,0,0,0.141833333,3.596070714,0
P28,1.459166667,0,0,0,0,0.922666667,1.17326599,1.421,0,0,0,1.966666667,0,0.115333333,0,2.4445,0,0,16.51883333,0,2.196666667,0,0,2.468666667,0,0,0,0,0,28.48383333,1.894666667,0.007333333,0,0.072666667,0.003666667,2.5795,0,0.072666667,3.385333333,0,6.176634296,0,0,0,0,0.036333333,0,0,0.461333333,0,7.267,0.181333333,0.007333333,4.833333333,0,0,8.9625,0,0,0,0.0115,0.115333333,0,0,0,0,0.077166667,0,0,0.003666667,0.046,0,0,0,0,1.814666667,0.242166667,0,0,0,0.268,0.003666667,0,0.230666667,0,0.011,0.014666667,0.458666667,0.072666667,0.722,0.072666667,0.003666667,0.145333333,0,0,0.142,0.777166667,5.163833333,0.036333333,0,0,0,0,0,0.018833333,0.222333333,0,0,0,0,0,208.7258431,0.499,0.418666667,0,0,0.138166667,7.934,0
P29,1.3335,0,0,0,0,0,0.356333333,1.024432657,0,0,0,0.047935259,0,0,0,0,0,0,3.981432657,0,1.8695,0,0,0.1995,0,0,0,0,0,7.740333333,0.996166667,0,0,0,0,0.472333333,0,0.1995,0.285058,0,2.0085,0,0,0,0.127333333,0,0,0,0,0.115333333,2.007333333,0.014666667,0,0.316666667,0,0,0.344833333,0,0,0,0,0,0,0,0,0,0.115333333,0,0,0,0.472333333,0,0,0,0,0.0115,0.382333333,0,0,0,0.023,0,0,0,0,0,0,0.036333333,0,0,0.441666667,0,0,0,0,0,0.531666667,0.011,0,0,0,0,0,0,0,0.014666667,0,0,0,0,0,48.76025367,0.047833333,0.22676599,0,0,0.014666667,0.141666667,0
P30,1.019297592,0.763058,0,0,0,0,1.191,1.883199037,0,0,0,0,0,0,0,0,0,0,5.233314446,0,3.951509344,0,0,0.412333333,0,0,0,0,0,7.648823599,0.166333333,0.007333333,0,0,0.230666667,1.235990656,0,0.195333333,0.896166667,0,4.189433048,0,0,0,0.04,0.084166667,0,0,0,0.497666667,1.167237381,1.438391333,0,0.284362333,0,0,1.117099323,0,0.461333333,0,0,0,0,0,0.0115,0,0.175904048,0,0,0,0.003666667,0,0,0,0.036333333,0.566666667,0.285833333,0,0,0,0,0.072666667,0,0,0.115333333,0.011,0,0.115333333,0,0.084862333,0.125599323,0,0,0,0,0,0.842333333,0.147166667,0,0,0,0,0,0,0.109,0.029333333,0,0.115333333,0,0,0,90.53098754,0.186808095,0.715666667,0,0,0.111037184,0.659099323,0
P31,0.120099714,0,0.023967629,0,0,0.176929286,0.247340857,0.221868306,0,0,0,0.045099323,0,0,0,0.096362333,0,0,1.245076674,0,0.671051258,0,0,0.04,0,0,0,0,0,3.416446731,0.089070714,0,0,0,0,0.289087,0,0.0115,0.089712143,0,1.456130143,0,0.084862333,0,0,0,0.007333333,0,0,0,0.159464259,0,0,0.060570714,0,0,0.71176599,0,0,0,0,0,0,0,0,0,0.230666667,0,0,0,0,0,0,0,0,0.560595939,0.084862333,0,0.023,0,0,0,0,0,0,0.068005973,0,0,0,0.128070714,0.189396915,0,0,0,0.0115,0,0.206058,0,0,0,0,0,0,0,0.003666667,0.084862333,0,0,0,0,0,21.38087829,0.254904048,0.109,0,0,0.023,0.716462047,0
P32,0.288821201,0.320224275,0,0,0,0.045099323,0.326691905,0.30929797,0,0,0,0,0,0,0,0.102936027,0,0,1.372357034,0,1.715643058,0,0,0,0,0,0,0,0,2.744637654,0.012737381,0,0,0,0,0.253400664,0,0.069066953,0.096362333,0,2.726525642,0,0,0,0.045099323,0,0,0,0.023967629,0.036333333,0.23676301,0,0,0.480305116,0,0,0.766628323,0,0.090198646,0,0,0,0,0,0,0,0.283099323,0.045099323,0,0,0,0,0,0,0,0.205192296,0.17200298,0,0.160432657,0.084862333,0,0.045099323,0,0,0,0,0,0.115333333,0.012737381,0.169724666,0.302522258,0,0.023967629,0,0.084862333,0,0.469410989,0.0225,0,0,0,0,0,0,0,0,0,0,0,0.090198646,0,18.73847028,0.015166667,0.145333333,0,0,0,0.264266381,0
P33,1.206979762,0.156765221,0,0,0,0.023967629,0.429425915,0.897286037,0,0,0,0.084862333,0,0,0,0.166666667,0,0,1.464860987,0,2.248006569,0,0,0.012737381,0,0,0,0,0,5.171594779,0.314199428,0,0,0,0,1.037208568,0.084862333,0.350730626,0.335797592,0,2.745008888,0,0.097599714,0,0.182196249,0,0,0,0,0.274890756,0.584396133,0.0115,0,0.147042106,0,0,0.740698255,0,0.339227269,0,0,0.254587,0,0,0.121567344,0,0.438429663,0,0,0,0.084862333,0,0,0,0,0.390398857,0.323431888,0,0.180397293,0,0,0,0,0,0,0.025474762,0,0.045099323,0,0.424311666,0.254587,0.012737381,0,0,0.195199428,0,0.562493258,0,0,0,0,0,0,0,0,0.024237381,0,0,0,0,0,21.53738866,0.137971391,0.334496616,0,0,0.047935259,0.284432657,0
P34,0.34890665,0.17506098,0,0,0,0.084862333,0,0.265595184,0,0,0,0,0,0,0,0.225832174,0,0,0.639863102,0,0.673029391,0,0,0.012737381,0,0,0,0,0,1.263267349,0,0,0,0,0,0,0,0,0.045099323,0,1.023221673,0,0,0,0,0,0,0,0,0,0.152038344,0.012737381,0,0.025474762,0,0,0.094170038,0,0.047935259,0,0,0,0,0,0,0,0,0.084862333,0,0,0,0,0,0,0,0.384548656,0,0,0,0,0,0,0,0,0,0.069066953,0,0,0,0.169724666,0,0,0,0,0,0,0,0,0,0,0,0,0,0,0,0,0,0,0,0,0,5.880723011,0.097599714,0.12653198,0,0,0,0.590756268,0
P35,0,0,0,0,0,0,0.182462047,0.084862333,0,0,0,0,0,0,0,0,0,0,0.145534973,0,0,0,0,0,0,0,0,0,0,0.191769752,0,0,0,0,0,0,0,0.084862333,0,0,0.102936027,0,0,0,0,0,0,0,0,0,0,0.003666667,0,0,0,0,0.045099323,0,0,0,0,0,0,0,0,0,0,0,0,0,0,0,0,0,0,0,0,0,0,0,0,0,0,0,0,0.045099323,0,0,0,0,0,0,0,0,0,0,0,0,0,0,0,0,0,0,0,0,0,0,0,0,0,1.643391255,0.003666667,0,0,0,0,0,0
P36,0,0,0,0,0,0,0,0,0,0,0,0,0,0,0,0,0,0,0,0,0,0,0,0,0,0,0,0,0,0,0,0,0,0,0,0,0,0,0,0,0,0,0,0,0,0,0,0,0,0,0,0,0,0,0,0,0,0,0,0,0,0,0,0,0,0,0,0,0,0,0,0,0,0,0,0,0,0,0,0,0,0,0,0,0,0,0,0,0,0,0,0,0,0,0,0,0,0,0,0,0,0,0,0,0,0,0,0,0,0,0,0.195333333,0,0,0,0,0,0,0
P37,0,0,0,0,0,0,0,0,0,0,0,0,0,0,0,0,0,0,0,0,0,0,0,0,0,0,0,0,0,0.303333333,0,0,0,0,0,0,0,0,0,0.036333333,0.0115,0,0,0,0,0,0,0,0,0,0,0,0,0,0,0,0,0,0,0,0,0,0,0,0,0,0,0,0,0,0,0,0,0,0,0,0,0,0,0,0,0,0,0,0,0,0,0,0,0,0,0,0,0,0,0,0.115333333,0,0,0,0,0,0,0,0,0,0,0,0,0,0,0.668166667,0,0,0,0,0,0,0
P38,0,0,0,0,0,0,0,0.084862333,0,0,0,0,0,0,0,0,0,0,0.118509344,0,0.045099323,0,0,0,0,0,0,0,0,0.362637276,0.012737381,0,0,0,0,0,0,0,0,0,0.081804334,0,0,0,0,0,0.012737381,0,0,0,0.169724666,0,0.084862333,0,0,0,0,0,0,0,0,0,0,0,0,0,0,0,0,0,0,0,0,0,0,0,0,0,0,0,0,0,0,0,0,0,0,0,0,0,0,0,0,0,0.084862333,0,0,0,0,0,0,0,0,0,0,0,0,0,0,0,0,0.899298552,0,0,0,0,0,0.045099323,0
P39,0,0,0,0,0,0,0,0,0,0,0,0,0,0,0,0,0,0,0,0,0,0,0,0,0,0,0,0,0,0,0,0,0,0,0,0,0,0,0,0,0,0,0,0,0,0,0,0,0,0,0,0,0,0,0,0,0,0,0,0,0,0,0,0,0,0,0,0,0,0,0,0,0,0,0,0,0,0,0,0,0,0,0,0,0,0,0,0,0,0,0,0,0,0,0,0,0,0,0,0,0,0,0,0,0,0,0,0,0,0,0,0.829333333,0,0,0,0,0,0,0
P40,0.047833333,0,0,0,0,0,0,0,0,0,0,0,0,0,0,0,0,0,0,0,0,0,0,0,0,0,0,0,0,0.084166667,0,0,0,0,0,0,0,0,0,0,0.115333333,0,0,0,0,0,0,0,0,0,0,0,0,0,0,0,0,0,0,0,0,0,0,0,0,0,0,0,0,0,0,0,0,0,0,0,0,0,0,0,0,0,0,0,0,0,0,0,0,0,0.036333333,0,0,0,0,0,0,0,0,0,0,0,0,0,0,0,0,0,0,0.115333333,0,0.58,0,0,0,0,0,0,0
P41,1354.168182,236.1231667,673.4435,53.78983333,336.1989203,88.5863081,1763.69216,8645.322,0,2.017333333,0.784,676.7746667,0,11.97607071,1.048833333,2193.636221,42.21833333,0,27728.47164,0.1035,2084.913155,0,0.088,1864.237657,115.6985,3.785333333,0.184,0,3.318333333,15049.28816,857.6039327,126.1518653,2.914,5.281641429,59.303029,1670.017266,346.528587,630.3208244,1506.193196,6.785,18465.68597,3.7705,442.8748333,2.269666667,21.73213988,998.681766,270.7318333,10.15116667,15.19836233,2941.185783,1348.704805,70.563029,43.07116667,774.9946667,0,17.5305,9157.66412,14.37433333,171.448616,0.210666667,0,330.8777686,2.2695,0.023,51.74059932,26.86833333,18.72466667,14.08333333,0.138,2.574833333,14.3458947,0,240.28,0,226.1598913,1117.330604,230.227946,1.499666667,287.055298,10282.76589,2120.187801,774.3658333,0.0115,6.9425,1406.258667,764.7508536,52.17783333,36.04216667,43.34516667,367.214319,129.599529,6.438333333,5.890166667,0,75.06875367,172.1659327,1410.895529,1007.2885,0.508666667,3.589,0,0.046,0,0,32.3275,21.03884067,89.83333333,1733.962,0.513333333,11.29886233,16.47033333,114905.2284,400.8604493,469.9295653,0,0,263.2555,1271.238302,0
P42,91.14127572,2.508333333,34.99416667,1.887833333,9.6455,6.007,59.28272467,169.4367336,0,0.1645,0.495833333,7.999300963,0,0.494666667,1.175333333,53.08843266,1.755833333,0,537.7951414,0.0115,88.28950039,0,0.0115,47.05183333,3.74,0.260666667,0.023,0.0115,0.389666667,455.3729235,47.31083333,8.055833333,0,0.676833333,2.890833333,62.5305,13.257,11.40433333,58.6661343,0.303666667,177.2371031,1.306,14.5455,0.026666667,1.600199428,24.459,4.849,0.625166667,4.090333333,7.523833333,60.15360193,3.440166667,1.6835,24.836,0.007333333,2.029833333,234.8760993,1.273166667,8.188833333,0.181666667,0,16.58166667,0.949333333,0,2.525333333,0.162166667,1.059,1.230666667,0,0.0515,2.146166667,0,6.772833333,0,9.345833333,78.78733333,7.718800963,0.3315,9.992,31.36033333,50.342,42.50966667,0,0.645333333,42.833529,18.11352563,3.853,1.453666667,6.9155,15.25116667,9.396,0.844,1.210833333,0,5.417166667,7.260599323,17.677029,27.77666667,0.036333333,0.1885,0.0115,0.218,0,0.184,1.256,4.044666667,7.6425,29.545,0.346,0.692,0.539166667,3600.519872,7.789,16.38633333,0.007333333,0,1.2535,57.0363367,0
P43,11.60759633,0.267,6.011333333,0.1205,5.018529,0.878833333,11.09853834,34.80508584,0,0.036333333,0.023,0.685695667,0,0.1205,0.088666667,10.97649325,0.560166667,0,84.60187091,0,19.54880394,0,0.036333333,13.8475,0.75606098,0.521587,0.0115,0,0.078166667,94.7901788,9.458862333,3.070537184,0,0.174800963,0.282666667,10.9515,10.489,1.434666667,21.52366667,0.103,44.76233931,0.461333333,3.289,0,0.4495,4.860695667,1.886833333,0.0115,0.532904048,2.230166667,13.44379875,1.644,0.565666667,5.941637667,0,0.576666667,56.13796166,0.086833333,2.166666667,0,0,3.96,0.119,0,0.172333333,0.058333333,0.3975,0.098333333,0,0.007333333,0.635166667,0.115333333,1.127833333,0,2.063833333,8.804400664,1.185538344,0.138333333,1.87,6.264362333,10.68983333,4.941,0,0,12.89766667,4.145862333,0.044038344,0.419666667,0.441800963,6.601862333,3.088833333,0.131,0.115333333,0,1.379266381,0.877099323,3.446304334,7.971333333,0,0.040333333,0,0,0,0,0.409,0.651166667,1.587166667,2.987666667,0.491333333,0.0115,1.443333333,632.2943798,1.089666667,1.271666667,0,0.115333333,0.469833333,24.78073401,0
P44,10.58163662,0.181666667,3.235666667,0.491333333,1.506058,1.343829963,9.946861942,32.25820116,0,0,0.115333333,0.43117419,0,0.096362333,0.023967629,3.494205388,0.361,0,65.00641456,0,16.88328712,0,0,6.597425915,0.487599323,0.056599323,0,0,0.024237381,77.24652078,4.819185745,0.629065715,0.003666667,0.411205401,0.092432657,7.372101925,3.599253666,2.612878432,5.736128323,0.116333333,38.51510196,0,3.160833333,0,0.663529,1.937733619,1.727,0.047833333,0.349474762,1.249857142,7.093871286,1.130666667,0.026166667,3.96611282,0.036333333,0.324613871,31.26403218,0.142,3.838052027,0,0.012737381,1.880337095,0.188066953,0,2.328192296,0.029141429,1.278692296,0.187634296,0,0.015166667,0.492473602,0,0.570141429,0,1.765833333,7.282664065,1.92123401,0.715920333,1.260769752,4.832644999,4.789504813,2.000599323,0,0,5.171166667,9.282315228,0.208666667,0.047833333,0.551003371,4.915056379,3.262673595,0.066166667,0.434529,0,1.248616191,0.860218116,5.158544694,2.271333333,0,0,0,0.0115,0.012737381,0,0.451333333,0.652186714,0.759932657,2.911362333,0.230666667,0.115333333,0.339666667,475.4251381,1.524371677,2.081926293,0,0,0.546,9.14237881,0.115333333
P45,8.134050885,0.17506098,0.051,0,0.580695667,0.534803174,2.601152714,8.537467638,0,0.069066953,0,0.489355014,0,0.326471769,0,2.968679945,0,0,21.23925627,0.023967629,13.30205936,0,0,2.325173799,0.015166667,0.097599714,0,0,0.272724666,61.03614046,2.472633905,1.019924286,0,0.674337095,0,2.750369266,1.577644999,1.39408796,2.480291997,0.023967629,11.8894237,0.106602694,0.612529,0.007333333,0.27632736,0.538065793,0.231666667,0.115333333,0.319433048,1.223761376,3.535553469,0.207529,0.020070714,3.546899113,0,0.350311466,6.169307821,0.023,0.528549047,0,0,0.994272732,0.115333333,0.023967629,0.318502602,0,0.923996629,0.031070714,0,0,0.793420711,0,0.667454901,0,0.3815,8.132069768,1.379413783,1.029840666,1.687063959,3.196565332,0.844400664,0.170166667,0,0.084862333,1.595967629,0.516994609,0.190227646,0.012737381,0.340738824,5.494598871,1.635983888,0.026166667,0.0115,0,0.731087,0.12876599,2.402561948,0.53958382,0,0.0115,0,0,0,0.046,0.188,0.878641237,0.046,0.339666667,0,0.115333333,0,199.07089,0.638570714,0.815595939,0,0,0.159265599,5.17673342,0
P46,8.608544808,0.384548656,0.541166667,0,1.981750295,0.275496629,2.463312831,8.334838503,0,0.047935259,0,0.455772936,0,0.31243863,0.03670501,1.727882963,0.023967629,0.084862333,21.05689026,0,18.27546623,0,0,1.264112238,0.115333333,0.084862333,0,0,0.012737381,56.71903943,2.848199121,0.352471378,0,0.241069932,0.081432657,2.309757415,2.419717664,1.493972147,2.161473724,0,20.45150132,0.003666667,0.088529,0,0.253458286,0.581499609,0.290432657,0.151666667,0.488326983,2.006071696,3.715830141,0.236900677,0.073410021,5.113621898,0,0.43361937,6.11165731,0.036333333,0.707556627,0,0,0.975170038,0,0.023967629,2.670079997,0,1.017554616,0.070935259,0,0,0.341580058,0,0.096599323,0,0.293666667,7.393668585,0.993038613,0.084862333,1.386025602,1.219507332,0.838602694,0.175733619,0,0,0.128070714,1.462395677,0.547164078,0.573782666,0.217659925,4.521105057,1.236580622,0.092195667,0,0,0.927956074,0.343800181,3.290234553,0.031300963,0,0,0,0,0,0,0.213170038,0.352775725,0.076333333,0.084862333,0.116333333,0.243404048,0,190.6778191,0.694141429,2.047624535,0,0,0.345601925,7.196452677,0.090198646
P47,7.155985141,0.440320605,0,0,0.121195667,0.774939007,2.504650177,5.784063169,0.084862333,0.097599714,0,0.479781698,0,0.129961656,0.023967629,2.416664738,0,0,15.72036432,0.023967629,14.29394156,0,0,0.110337095,0,0.012737381,0,0,0.105771963,48.55272959,0.985086609,0.348226017,0,0.358808095,0.090198646,1.539085923,0.606449333,1.448518879,0.794667449,0.073410021,13.97619405,0,0.390628323,0,0.819824772,0.215365704,0,0,0.414076687,0.751239201,3.049528795,0.128070714,0.084862333,2.872805107,0,0.220408392,2.45516386,0,0.361086409,0,0,1.253792401,0.097599714,0,0.709831314,0.023967629,1.329554616,0.128410789,0,0.364924095,0.820255877,0,0.045099323,0.084862333,0.003666667,5.336698851,1.543818408,0.27576599,0.635919538,0.678898665,0.316136898,0.050949524,0,0.084862333,0.047833333,0.80719462,0.283668878,0.49959335,0.493429663,4.197648899,1.050286024,0.020070714,0.084862333,0,0.938821978,0.334326578,2.849592395,0.023967629,0,0,0,0,0,0.116935259,0,0.297795381,0,0.084862333,0,0,0,163.4281855,0.780247116,1.089451517,0,0.084862333,0.151435259,5.626286837,0
P48,4.984457375,0.546056449,0,0,0,0.23840781,1.789626759,3.965770426,0,0.110337095,0,0.193739983,0,0.023967629,0.087654534,1.08878999,0,0,8.811970841,0.023967629,6.593661942,0,0,0,0,0,0.023967629,0,0.012737381,22.6156243,0.427587178,0.967719084,0.036333333,0.069066953,0.012737381,0.99682399,0.254587,1.327463598,0.507601925,0.057836704,10.67068603,0.049070714,0.084862333,0,0.182239983,0.025474762,0,0,0.304800572,0.503457504,1.053838511,0.023967629,0,1.82872726,0,0.050949524,1.36609613,0,0.361822361,0,0,0.03670501,0,0,0.986276685,0,0.570115999,0.083311466,0,0.025474762,0.412257997,0,0.045099323,0,0,3.715513187,0.703291824,0,0.864366473,0.254587,0.102936027,0.097599714,0.023967629,0,0,0.149157905,0.06067264,0.272660694,0.20870799,2.744562091,0.435031589,0,0.084862333,0,0.267324381,0.093034582,1.483123906,0,0,0,0,0,0.045099323,0,0.315529,0.146907419,0,0,0,0,0,81.84613067,0.166935259,0.927009908,0,0,0.095870517,2.623731599,0
P49,2.978731817,0.220160303,0,0,0.230666667,0.39555684,0.809365704,2.833867724,0,0.045099323,0,0.023967629,0,0.012737381,0,0.995878996,0,0,6.365653035,0,6.681224804,0,0.069066953,0.084862333,0,0,0,0,0,12.62504328,0.148829963,0.007333333,0,0,0,1.018517823,0.970507332,1.095543465,0.454494027,0,7.530387348,0,0.115333333,0,0.184740361,0.090198646,0.003666667,0.045099323,0.06067264,0.774167826,1.155138045,0.007333333,0,1.153201839,0,0.131829963,0.784730235,0,0.278554629,0,0,0.069066953,0,0,0.084862333,0,0.129961656,0.102936027,0,0,0.093034582,0,0,0,0,1.012737381,0.798906637,0,0.989799329,0,0.094902888,0.047935259,0,0,0,0.123875048,0,0.216109058,0.392720905,1.185014665,0.275496629,0.023967629,0.084862333,0,0.084862333,0,0.900849419,0,0,0,0,0,0,0.023967629,0,0.045099323,0,0.084862333,0,0.012737381,0,45.15360485,0.131737381,0.443496616,0,0,0.070935259,1.485381117,0
P50,2.579791819,0.045099323,0,0,0,0.169724666,0.244127932,2.516283243,0,0.090198646,0,0.102936027,0,0,0,0,0,0,3.514396819,0,5.38992378,0,0,0,0,0,0,0,0.03670501,7.152818464,0.097599714,0,0,0,0.182462047,0.174838915,0.084862333,0.404678599,0.232335545,0,4.605863014,0,0,0,0.607544894,0,0,0,0.070574085,0.952622363,1.458272163,0.012737381,0,0.096701249,0.012737381,0.108829963,0.320394313,0,0.094541715,0,0,0.023967629,0,0,0.045099323,0,0.069066953,0,0,0,0.153929286,0,0,0,0,0.424311666,0.316766772,0,0.169724666,0,0.012737381,0.023967629,0,0,0,0,0,0.159265599,0,0.594036332,0.047935259,0,0,0,0.045099323,0,1.150801527,0,0,0,0,0,0,0,0,0,0,0,0,0,0,26.38546663,0.012737381,0.12653198,0,0,0.083402888,0.575182952,0
P51,0,0,0,0,0,0,0,0,0,0,0,0,0,0,0,0,0,0,0.023967629,0,0,0,0,0,0,0,0,0,0,0,0,0,0,0,0,0,0,0,0,0,0,0,0,0,0,0,0,0,0,0,0,0,0,0,0,0,0,0,0,0,0,0,0,0,0,0,0,0,0,0,0,0,0,0,0,0,0,0,0,0,0,0,0,0,0,0,0,0,0,0,0,0,0,0,0,0,0,0,0,0,0,0,0,0,0,0,0,0,0,0,0,2.804631694,0,0,0,0,0,0,0
P52,0.036333333,0,0,0,0,0.0115,0,0,0,0,0,0,0,0,0,0,0,0,0.256833333,0,0,0,0,0,0,0,0,0,0,0.224333333,0,0,0,0,0,0.0115,0,0,0,0,0,0,0,0,0,0,0,0,0,0,0,0,0,0,0,0,0,0,0,0,0,0,0,0,0,0,0,0,0,0,0,0,0,0,0,0,0,0,0,0,0.053333333,0,0,0,0,0,0,0,0,0,0,0,0,0,0,0,0,0,0,0,0,0,0,0,0,0,0,0,0,0,0,0.511,0,0,0,0,0,0,0
P53,0,0,0,0,0,0.0115,0,0,0,0,0,0,0,0,0,0,0,0,0.059333333,0,0,0,0,0,0,0,0,0,0,0.115333333,0,0,0,0,0,0,0,0,0,0,0.003666667,0,0,0,0,0,0,0,0,0.003666667,0,0,0,0,0,0,0,0,0,0,0,0.115333333,0,0,0,0,0.003666667,0,0,0,0,0,0,0,0,0,0,0,0,0,0,0,0,0,0,0,0,0.003666667,0,0,0,0.003666667,0.115333333,0,0,0,0,0,0,0,0,0,0,0,0,0,0,0,0,0,0,0.047833333,0,0,0,0,0,0.0115,0
P54,0.958833333,0,0,0,0,0,0.115333333,0.418666667,0,0,0,0,0,0,0,0,0,0,0.0515,0,0.779333333,0,0,0.023,0,0,0,0,0.230666667,1.682166667,0,0.003666667,0,0,0,0,0,0.248333333,0,0,0.138333333,0,0.149,0,0,0.0115,0.003666667,0,0,0,0,0,0,0,0,0,0.224333333,0,0,0,0,0,0,0,0,0.003666667,0,0,0,0,0,0,0,0,0,0.206333333,0.007333333,0,0,0.346,0,0,0,0,0,0.014666667,0,0,0.023,0,0.036333333,0,0.230666667,0,0,0,0.188,0.115333333,0,0,0,0,0,0,0,0,0,0,0,0,0,2.8335,0,0,0,0,0,0,0
P55,0,0,0,0,0,0,0,0.576666667,0,0,0,0,0,0,0,0,0,0,0,0,0,0,0,0,0,0,0,0,0,0.227224666,0,0.070833333,0,0,0,0,0,0,0,0,0,0,0,0,0,0.145333333,0.030333333,0,0,0,0,0,0,0,0,0,0,0,0,0,0,0,0,0,0,0,0,0,0,0,0,0,0,0,0,0,0,0,0,0,0,0,0,0,0,0,0,0,0,0.461333333,0,0.0115,0,0,0,0,0,0,0,0,0,0,0,0,0,0,0,0,0,0,0,0.018833333,0,0,0,0,0,0.0115,0
P56,0.007333333,0,0,0,0.115333333,0,0.072666667,0,0,0,0,0,0,0,0,0,0,0,0.351166667,0,0.0115,0,0,0,0,0,0,0,0,0.162666667,0,0.003666667,0,0,0,0,0,0,0.115333333,0,0.0225,0,0.036333333,0,0,0,0,0,0,0.036333333,0.041833333,0,0,0,0,0,0.163166667,0,0,0,0,0,0,0,0,0,0,0,0,0,0,0,0,0,0,0,0,0,0.230666667,0,0,0,0,0,0,0,0,0,0,0,0,0,0,0,0,0,0.072666667,0,0,0,0,0,0,0,0,0,0,0,0,0,0,2.759166667,0,0,0,0,0,0.0115,0
P57,0.264666667,0,0,0,0,0,0.003666667,0.201,0,0,0,0,0,0.023,0,0,0,0,0.894045476,0,0.438601925,0,0.003666667,0,0,0,0,0,0,1.206800963,0.072666667,0.0445,0,0,0,0.011,1.038,0,0,0,0.418666667,0,0,0,0,0,0.060666667,0,0,0.151666667,0.501333333,0,0,0,0,0.115333333,0.379666667,0,0,0,0,0.200195667,0,0,0,0,0.160432657,0,0,0,0,0,0.056599323,0,0.003666667,0,0.011,0,0,0,0.051,0,0,0,0.455,0.014666667,0,0,0,0.151666667,0.606666667,0,0,0,0,0,0.461333333,0,0,0,0,0,0,0,0,0.086,0,0,0,0,0,2.976932657,0.003666667,0,0,0,0,0.242166667,0
P58,0.297,0,0,0,0,0,0.026666667,0.159,0,0,0,0.138333333,0,0,0,0.072666667,0,0,1.195666667,0.230666667,0.509166667,0,0,0,0,0,0,0,0,1.525666667,0,0,0,0,0,0.151666667,0,0,0,0,0.632833333,0,0,0,0,0,0,0,0.04,0,0.0345,0,0,0.301,0,0,0.151666667,0,0,0,0,0.461333333,0,0,0,0,0.022,0,0,0,0,0,0,0,0,0.246833333,0.072666667,0,0,0,0.0115,0,0,0,0,0.115333333,0,0.003666667,0,0.126833333,0,0.007333333,0,0,0,0,0.076333333,0,0,0,0,0,0,0,0,0,0,0,0,0,0,11.2225,0,0,0,0,0,0.135666667,0
P59,0.13529797,0,0,0,0,0,0,0.447499609,0,0,0,0,0,0,0,0.023967629,0,0,1.244393731,0.169724666,0.785511568,0,0,0,0,0,0,0,0,2.094799008,0,0,0.023967629,0,0,0.071902888,0,0,0.012737381,0,0.657758466,0,0,0,0.084862333,0,0,0,0,0.183233228,0,0,0,0,0,0,0,0,0.084862333,0,0,0,0,0,0,0,0,0,0,0,0,0,0,0,0,0,0.121345279,0,0,0,0,0,0,0,0,0,0,0,0,0,0.069066953,0,0,0,0,0,0.108607898,0,0,0,0,0,0,0,0,0,0,0,0,0,0,4.743339741,0,0,0,0,0,0.276603368,0
P60,0,0,0,0,0,0,0,0,0,0,0,0,0,0,0,0,0,0,0.003666667,0,0,0,0,0,0,0,0,0,0,0.003666667,0,0,0,0,0,0,0,0,0,0,0,0,0,0,0,0,0,0,0,0,0,0,0,0,0,0,0.303333333,0,0,0,0,0,0,0,0,0,0,0,0,0,0,0,0,0,0,0.036333333,0,0,0,0,0,0,0,0,0,0,0,0,0,0.230666667,0,0,0,0,0,0,0,0,0,0,0,0,0,0,0,0,0,0,0,0,0,0.003666667,0,0,0,0,0,0,0
P61,0,0,0,0,0,0,0,0,0,0,0,0,0,0,0,0,0,0,0,0,0,0,0,0,0,0,0,0,0,0,0,0,0,0,0,0,0,0,0,0,0,0,0,0,0,0,0,0,0,0,0,0,0,0,0,0,0,0,0,0,0,0,0,0,0,0,0,0,0,0,0,0,0,0,0,0,0,0,0,0,0,0,0,0,0,0,0,0,0,0,0,0,0,0,0,0,0,0,0,0,0,0,0,0,0,0,0,0,0,0,0,4.152,0,0,0,0,0,0,0
P63,0,0,0,0,0,0,0.014666667,0,0,0,0,0,0,0,0,0,0,0,0.011,0,0,0,0,0,0,0,0,0,0,0.3015,0,0.007333333,0,0,0,0,0.115333333,0,0,0,0.0115,0,0.04,0,0,0,0,0,0,0,0,0.003666667,0,0,0,0,0.151666667,0,0,0,0,0,0,0,0,0,0,0,0,0,0,0,0,0,0,0,0,0,0.036333333,0,0,0,0,0,0,0.007333333,0,0,0,0.115333333,0,0,0,0,0,0,0,0,0,0,0,0,0,0,0,0,0,0,0,0,0,0.531666667,0,0.036333333,0,0,0,0.0115,0
P64,0.038166667,0,0,0,0.346,0,0,0,0,0,0,0,0,0,0,0,0,0,0.012737381,0,0,0,0,0,0,0,0,0,0,0.046,0,0,0,0,0,0,0,0,0,0,0,0,0.036333333,0,0,0,0.007333333,0,0,0,0,0.011,0,0,0,0,0.369666667,0.115333333,0,0,0,0.230666667,0,0,0,0,0,0,0,0,0,0,0,0,0,0,0,0,0,0,0,0,0,0,0,0.007333333,0,0,0,0,0,0,0,0,0,0,0,0,0,0,0,0,0,0,0,0,0,0,0,0,0,0.25270164,0,0.145333333,0,0,0,0.023,0
P65,0.195333333,0,0,0,0.230666667,0,0,0,0,0,0,0,0,0,0,0,0,0,0,0,0,0,0,0,0,0,0,0,0,0.007333333,0,0.007333333,0,0,0,0,0,0,0,0,0,0,0.072666667,0,0,0,0.007333333,0,0,0,0,0,0,0,0,0,0,0,0,0,0,0,0,0,0,0,0,0,0,0,0,0,0,0,0,0,0,0,0.007333333,0,0,0,0,0,0,0.014666667,0,0,0,0,0,0,0,0,0,0,0,0,0,0,0,0,0,0,0,0,0,0,0,0,0,0.253166667,0,0,0,0,0,0,0
P66,0,0,0,0,0.115333333,0,0.003666667,0.095666667,0,0,0,0,0,0,0,0.04,0,0,0.608,0,0.122666667,0,0,0,0,0,0,0,0,0.425166667,0.036333333,0,0,0,0,0,0,0,0,0,0.185666667,0,0.036333333,0,0,0,0.003666667,0,0,0.003666667,0,0,0,0,0,0.003666667,0,0,0,0,0,0,0,0,0,0.003666667,0,0.115333333,0,0,0,0,0,0,0,0.3975,0,0,0.036333333,0,0,0,0,0,0,0.007333333,0,0,0,0,0,0,0,0,0,0,0.047833333,0,0,0,0,0,0,0,0,0,0,0,0,0,0,3.0925,0,0,0,0,0,0.115333333,0
P67,0,0,0,0,0,0,0,0.119,0,0,0,0,0,0,0,0,0,0,0,0,0,0,0,0,0,0,0,0,0,0.023,0,0,0,0,0,0,0,0,0,0,0.015166667,0,0,0,0,0,0,0,0,0,0,0,0,0,0,0,0.072666667,0,0,0,0,0.230666667,0,0,0,0,0,0,0,0,0,0,0,0,0,0.003666667,0,0,0,0.115333333,0,0,0,0,0.0115,0,0,0,0.036333333,0,0,0,0,0,0,0,0,0,0,0,0,0,0,0,0,0,0,0,0,0,0,1.490166667,0.115333333,0,0,0,0.0115,0,0
P68,0,0,0,0,0,0,0,0,0,0,0,0,0,0,0,0,0,0,0,0,0,0,0,0,0,0,0,0,0,0,0,0,0,0,0,0,0,0,0,0,0,0,0,0,0,0,0,0,0,0,0,0,0,0,0,0,0.036333333,0,0,0,0,0,0,0,0,0,0,0,0,0,0,0,0,0,0,0,0,0,0,0,0,0,0,0,0,0,0,0,0,0,0,0,0,0,0,0,0,0,0,0,0,0,0,0,0,0,0,0,0,0,0,0,0,0,0,0,0,0,0
P69,0,0,0,0,0,0,0,0,0,0,0,0,0,0,0,0,0,0,0.012737381,0,0,0,0,0,0,0,0,0,0,0.0515,0,0,0,0,0,0,0,0,0,0,0,0,0,0,0,0,0,0,0,0,0,0,0,0,0,0,0.045099323,0,0,0,0,0,0,0,0,0,0,0,0,0,0,0,0,0,0,0,0,0,0,0,0,0,0,0,0,0,0,0,0,0,0,0,0,0,0,0,0,0,0,0,0,0,0,0,0,0,0,0,0,0,0,0.111867915,0,0,0,0,0,0,0
P70,0,0,0,0,0,0,0,0.115333333,0,0,0,0,0,0,0,0,0,0,0,0,0.115333333,0,0,0,0,0,0,0,0,0.011,0,0,0,0,0,0,0,0.023,0,0,0,0,0,0,0,0,0,0,0,0,0,0,0,0,0,0,0,0,0,0,0,0,0,0,0,0,0,0,0,0,0,0,0,0,0,0,0,0,0,0,0,0,0,0,0,0,0,0,0,0,0,0,0,0,0,0,0,0,0,0,0,0,0,0,0,0,0,0,0,0,0,0.115333333,0,0,0,0,0,0,0
P71,0,0,0,0,0,0,0,0,0,0,0,0,0,0,0,0,0,0,0,0,0,0,0,0,0,0,0,0,0,0,0,0,0,0,0,0,0,0,0,0,0,0,0,0,0,0,0,0,0,0,0,0,0,0,0,0,0.339666667,0,0,0,0,0,0,0,0,0,0,0,0,0,0,0,0,0,0,0,0,0,0,0,0,0,0,0,0,0,0,0,0,0,0,0,0,0,0,0,0,0,0,0,0,0,0,0,0,0,0,0,0,0,0,0,0,0,0,0,0,0,0
P72,0,0,0,0,0,0,0,0,0,0,0,0,0,0,0,0,0,0,0,0,0,0,0,0,0,0,0,0,0,0,0,0,0,0,0,0,0,0,0,0,0,0,0,0,0,0,0,0,0,0,0,0,0,0,0,0,0,0,0,0,0,0,0,0,0,0,0,0,0,0,0,0,0,0,0,0,0,0,0,0,0,0,0,0,0,0,0,0,0,0,0,0,0,0,0,0,0,0,0,0,0,0,0,0,0,0,0,0,0,0,0,0.06067264,0,0,0,0,0,0,0
P74,0,0,0,0,0,0,0,0,0,0,0,0,0,0,0,0,0,0,0,0,0,0,0,0,0,0,0,0,0,0,0,0,0,0,0,0,0,0,0,0,0,0,0,0,0,0,0,0,0,0,0,0,0,0,0,0,0,0,0,0,0,0,0,0,0,0,0,0,0,0,0,0,0,0,0,0,0,0,0,0,0,0,0,0,0,0,0,0,0,0,0,0,0,0,0,0,0,0,0,0,0,0,0,0,0,0,0,0,0,0,0,0.072666667,0,0,0,0,0,0,0
P75,0,0,0,0,0,0,0,0,0,0,0,0,0,0,0,0,0,0,0,0,0,0,0,0,0,0,0,0,0,0.018333333,0,0,0,0,0,0,0,0,0,0,0,0,0,0,0,0,0,0,0,0,0,0,0,0,0,0,0,0,0,0,0,0,0,0,0,0,0,0,0,0,0,0,0,0,0,0,0,0,0,0,0,0,0,0,0,0,0,0,0,0,0,0,0,0,0,0,0,0,0,0,0,0,0,0,0,0,0,0,0,0,0,0.520666667,0,0,0,0,0,0,0
P77,0,0,0,0,0.115333333,0,0,0,0,0,0,0,0,0,0,0,0,0,0,0,0,0,0,0,0,0,0,0,0,0,0,0,0,0,0,0,0,0,0,0,0,0,0.072666667,0,0,0,0,0,0,0,0,0,0,0,0,0,0,0,0,0,0,0,0,0,0,0,0,0,0,0,0,0,0,0,0,0,0,0,0,0,0,0,0,0,0,0,0,0,0,0,0,0,0,0,0,0,0,0,0,0,0,0,0,0,0,0,0,0,0,0,0,0,0,0,0,0,0,0,0
P79,998.6767954,91.11783333,1655.241333,109.073,134.9433333,71.98816667,1894.215667,6695.039333,0,0.119,0.945666667,196.3436667,18.282,2.338666667,0.141666667,402.550904,46.197,0,21137.61453,0,2054.343808,0.0115,0.003666667,3121.457833,72.71883333,0,0.023,0,0.115333333,7511.857609,392.1756667,62.18983333,0,0.581166667,312.5448333,2930.618167,107.1841957,58.6465,1388.162833,4.353,59608.465,0.269,583.9395,1.671333333,35.76616667,488.852,201.387,2.5715,3.846666667,24.57683333,1364.746833,21.5155,15.44816667,393.9851667,0,0.856666667,4963.204663,9.177166667,46.716,0,0.3335,193.0198333,0.160333333,0,11.55843266,5.542666667,6.820166667,1.984333333,0.0345,0.795833333,4.747833333,0,471.9681667,0,385.6505,331.5141957,61.443,2.191333333,333.298766,3447.079333,2997.700333,1523.254667,0,3.026,1791.686833,431.4062374,6.212,2.063,32.2916343,398.666058,110.2706667,0.711166667,2.329666667,0,29.483,126.2388333,392.562029,417.0125,0,0.6125,0,0.0345,0,0,2.412166667,54.92866667,56.5945,2409.051333,0.036333333,0,12.68066667,62495.25004,159.882,174.93,0,0,268.3565,1561.063673,0
P80,11.83833333,0.138333333,43.603,1.828166667,5.826333333,0.397833333,27.94766667,78.906,0,0,1.0955,0.409666667,0.115333333,0.015166667,0,0.931166667,1.705166667,0,481.211,0,24.1325,0,0,18.81816667,4.047666667,0,0,0,0.115,151.3823333,18.21916667,3.052333333,0,0.181666667,4.132833333,44.977,8.65,0.378666667,33.54616667,0.321333333,73.32983333,0.224333333,4.316,0,0.030333333,4.6495,1.114,0.472333333,0,0.24,21.28883333,0.844333333,0.915166667,7.756,0,0.260666667,128.6713333,1.216333333,0.813333333,0,0.0115,3.405,0.483333333,0,0.3955,0.014666667,0.5535,0,0.138333333,0.037666667,0.070833333,0,2.231833333,0,6.1375,11.6965,0.9865,1.029333333,4.088666667,17.02733333,59.73933333,24.68183333,0,0.7035,26.695,23.36833333,0.011,0,2.059666667,7.268666667,2.717666667,0.264166667,0.7035,0.230666667,0.335833333,3.499,1.975666667,26.7145,0,0.150333333,0,0.0115,0,0,0.461333333,0.665833333,8.879833333,21.14583333,0.35,0.115333333,0.722,1287.8575,1.9305,2.658666667,0,0,0.681,39.72883333,0
P81,1.762666667,0,4.288833333,0,0.695666667,0.072666667,4.015,17.84633333,0,0,0.023,0.08,0,0,0,0.509166667,0.251,0,61.065529,0,3.011333333,0,0.036333333,2.935666667,0.113,0,0,0,0.072666667,21.93483333,1.976070714,0.733666667,0,0.036333333,0.238,4.805,3.921333333,0.036333333,5.388666667,0.030333333,14.47619567,0.003666667,1.25,0,0,0.519666667,0.1755,0.0115,0.003666667,0.011,2.683666667,0.133666667,0.064833333,1.908,0,0.072666667,18.96616667,0.238,0.213333333,0,0.084166667,1.074333333,0.007333333,0,0.1475,0.115333333,0.076333333,0.007333333,0.0115,0,0.197666667,0,0.084166667,0,0.317166667,0.837333333,0.1415,0,0.502166667,1.736166667,7.2575,1.587666667,0,0,1.676,2.8245,0.007333333,0.023,0,2.275,0.363333333,0.0115,0,0,0.145166667,0.202666667,0.168333333,2.6465,0,0,0,0,0,0,0.29,0,0.639833333,1.268833333,0,0,0.0115,224.9795,0.444833333,0.399666667,0,0,0.022,3.021833333,0
P82,0.803,0,1.8125,0,0.933333333,0,4.366666667,6.938070714,0,0,0.023,0.0115,0.036333333,0.0115,0,0.072666667,0.076333333,0,31.89474317,0,1.678670429,0,0,2.316128323,0.077166667,0,0,0,0.168163296,17.63623064,1.243,0.164,0,0.072666667,0,2.885067344,0.115333333,0.266308095,3.444196058,0,8.968837095,0,0.452186905,0,0,0.043666667,0.011,0,0,0.431404048,2.018833333,0.137333333,0.0115,0.507836704,0,0.155333333,11.26580096,0.0115,0.047333333,0,0,0.926333333,0,0,0,0.230666667,0.787166667,0,0,0,0.238,0,0.510099323,0,0.088529,0.440333333,0.116435259,0.115333333,0.018833333,1.251666667,4.52837881,2.3075,0,0,1.215666667,0.658070714,0,0.003666667,0.036333333,0.979529,1.130432657,0.126333333,0.461333333,0,0.092195667,0.264166667,0.210099323,1.574237381,0,0,0,0,0,0.115333333,0,0.162333333,0.308663283,1.662666667,0.036333333,0,0,124.3094684,0.003666667,0.472333333,0,0,0.025666667,3.327,0
P83,0.819597786,0.084862333,0.29,0,0.234333333,0,0.646333333,1.971597368,0,0,0,0.003666667,0,0,0,0,0,0,7.465721123,0,1.487367268,0,0,0.452166667,0,0,0,0,0.059974762,6.309243327,1.010353771,0.037166667,0,0.036333333,0,0.13,0.230666667,0.056599323,0.911333333,0.012737381,2.077184303,0,0.228,0,0,0.185166667,0.051,0,0,0.115333333,0.350757619,0.256333333,0,0.526166667,0,0.084862333,1.663333333,0,0.098141429,0,0,0.346,0.0115,0,0.230666667,0,0.115333333,0,0,0.090198646,0.084862333,0,0,0,0.015166667,0.25976599,0.0115,0,0.08,0.043666667,1.137166667,0.047666667,0,0.115333333,0.765666667,0.432,0,0,0,0.388195667,0.380865313,0,0.126833333,0,0,0.014666667,0.206058,0,0,0,0,0,0,0,0,0.0115,0,0,0,0,0,26.94796323,0.230666667,0.472333333,0,0.115333333,0,0.676381989,0
P84,0.393114249,0.230666667,0,0,1.238195667,0.084862333,0.723089979,2.202087,0,0,0,0,0,0,0,0,0,0,2.014750295,0,1.291113211,0,0,0.332716956,0,0,0,0,0.045099323,3.930694968,0.197666667,0.036333333,0,0,0.012737381,0.120668878,0.230666667,0.012737381,0.029141429,0,1.448206062,0,0.224333333,0,0.217659925,0.299432657,0.078166667,0,0.023967629,0,0.140969841,0.011,0,0.248029,0,0,1.132362333,0,0.072733619,0,0,0.115333333,0.003666667,0,0.776862333,0,0.181224666,0,0,0,0.17506098,0,0,0,0.036333333,0.145163296,0.090198646,0,0.161432657,0,0.163268592,0.098333333,0,0,0.115333333,0.240570714,0.023967629,0.047935259,0,0.813195667,0.585060198,0.003666667,0.115333333,0,0,0.031300963,0.007333333,0,0,0,0,0,0,0,0.036333333,0.045099323,0.0115,0,0,0,0,11.09756224,0.200195667,0.44476599,0,0,0.003666667,0.256099323,0
P85,0.507452113,0.21482399,0,0,0.546195667,0,0.320525629,0.814331122,0,0,0,0,0,0,0,0.012737381,0,0,1.871876868,0,2.740083429,0,0,0,0,0,0,0,0,5.797420007,0.090198646,0.092195667,0,0,0,0.153699037,0.169724666,0.129739592,0.045099323,0,2.423259626,0,0.036333333,0,0.182462047,0.160432657,0.115333333,0,0,0.057836704,0.240659925,0.003666667,0,0.107640269,0,0,0.629297592,0,0.138133905,0,0,0.139300963,0,0,0.115333333,0,0.492365704,0,0,0,0.129961656,0,0,0,0,0.040371677,0.023967629,0.129961656,0.131737381,0.012737381,0.151666667,0.003666667,0,0,0,0.261275725,0.069066953,0.097599714,0,1.133681331,0.142105296,0,0,0,0,0.003666667,0.110337095,0.0115,0,0,0,0,0,0,0,0.045099323,0,0,0,0.0115,0,16.45587869,0.072666667,0.109,0,0,0,0.17506098,0
P86,0.038212143,0,0,0,0.424311666,0,0,0.450487285,0,0,0,0,0,0,0,0.090198646,0,0,0.808349228,0,0.887340857,0,0,0.036333333,0,0,0,0,0.023967629,2.31314929,0,0.486586218,0,0,0,0.045099323,0.084862333,0,0.084862333,0,0.377024,0,0,0,0,0.102936027,0,0,0.084862333,0,0.023967629,0,0,0.047935259,0,0.097599714,0.178336704,0,0.023967629,0,0,0.045099323,0,0,0.941941232,0,0,0,0,0,0.193692296,0,0,0,0,0,0,0.084862333,0.090198646,0.012737381,0,0,0,0,0,0.187674773,0,0,0,0.339449333,0,0,0,0,0,0.090198646,0,0,0,0,0,0,0,0,0,0.031300963,0,0,0,0,0,5.251057576,0.003666667,0.154099323,0,0,0,0.093034582,0
P87,0.070574085,0,0,0,0.084862333,0,0,0.104534582,0,0,0,0,0,0,0,0,0,0,0.54282101,0,0.275496629,0,0,0,0,0,0,0,0,0.981590748,0.003666667,0.003666667,0,0,0,0.015166667,0,0,0.160432657,0,0.331826201,0,0,0,0,0,0,0,0,0,0.045099323,0,0,0.003666667,0,0,0.132,0,0,0,0,0,0,0,0.129961656,0,0,0,0,0,0,0,0,0,0,0.045099323,0.023967629,0.045099323,0.045099323,0,0,0,0,0,0,0,0,0,0,0.369920333,0,0,0,0,0,0,0.084862333,0,0,0,0,0,0,0,0,0,0,0,0,0,0,2.264132597,0,0.036333333,0,0,0,0.045099323,0
P88,0.023967629,0,0,0,0,0,0,0,0,0,0,0,0,0,0,0,0,0,0.084862333,0,0.108829963,0,0,0,0,0,0,0,0,0.047935259,0,0,0,0,0,0.0115,0,0,0,0,0.012737381,0,0,0,0,0,0,0,0,0,0,0,0,0.016404048,0,0.090198646,0.036333333,0,0,0,0,0,0,0,0,0,0,0,0,0,0,0,0,0,0,0,0,0,0,0,0,0,0,0,0,0,0,0,0,0,0.090198646,0,0,0,0,0,0,0,0,0,0,0,0,0,0,0,0,0,0,0,0,0.651607238,0.115333333,0,0,0,0.0115,0,0
P89,0,0,0,0,0,0,0,0,0,0,0,0,0,0,0,0,0,0,0.461333333,0,0,0,0,0,0,0,0,0,0,0,0,0,0,0,0,0,0,0,0,0,0,0,0,0,0,0,0,0,0,0,0,0,0,0,0,0,0,0,0,0,0,0,0,0,0,0,0,0,0,0,0,0,0,0,0,0,0,0,0,0,0,0,0,0,0,0,0,0,0,0,0,0,0,0,0,0,0,0,0,0,0,0,0,0,0,0,0,0,0,0,0,124.6,0,0,0,0,0,0,0
P91,0,0,0,0,0,0,0,0,0,0,0,0,0,0,0,0,0,0,0,0,0,0,0,0,0,0,0,0,0,0.0115,0,0,0,0,0,0.115333333,0,0,0,0,0.003666667,0,0,0,0,0,0,0,0,0,0,0.003666667,0,0,0,0,0,0,0,0,0,0,0,0,0,0,0,0,0,0,0,0,0,0,0,0.036333333,0,0,0,0.115333333,0,0,0,0,0,0,0,0,0,0,0,0,0,0,0,0.119,0,0,0,0,0,0,0,0,0,0,0,0,0,0,0,0.616666667,0.115333333,0.072666667,0,0,0,0,0
P92,0,0,0,0,0,0.0115,0,0.007333333,0,0,0,0,0,0,0,0,0,0,0.151666667,0,0,0,0,0,0,0,0,0,0,0.036333333,0,0,0,0,0,0,0,0,0,0,0,0,0,0,0,0,0.036333333,0,0,0,0.015166667,0.023,0,0,0,0,0,0,0,0,0,0,0,0,0.115333333,0,0.036333333,0,0,0,0,0,0,0,0,0.0115,0,0,0,0,0,0,0,0,0,0.115333333,0,0,0,0,0,0,0,0,0,0,0,0,0,0,0,0,0,0,0,0,0,0,0,0,0,0.257333333,0,0.036333333,0,0,0,0,0
P94,0,0,0,0,0.461333333,0,0.115333333,0.058833333,0,0,0,0,0,0,0,0,0,0,0.279737381,0,0,0,0,0,0,0,0,0,0,0.143168878,0.0115,0,0,0,0,0.025474762,0,0,0.057836704,0,0,0,0,0,0,0,0,0,0,0,0,0,0,0,0,0,0,0,0,0,0,0,0,0,0.346,0,0,0,0,0,0,0,0,0,0,0,0,0,0.436,0,0,0.003666667,0,0,0,0.116666667,0,0,0,0,0,0,0,0,0,0,0,0,0,0,0,0,0,0,0,0,0,0,0,0,0,0.432237381,0,0,0,0,0,0,0
P95,0,0,0,0,0,0,0,0,0,0,0,0,0,0,0,0,0,0,0.115333333,0,0,0,0,0,0,0,0,0,0,0,0,0,0,0,0,0,0,0,0,0,0,0,0,0,0,0,0,0,0,0,0,0,0,0,0,0,0,0,0,0,0,0,0,0,0,0,0,0,0,0,0,0,0,0,0,0,0,0,0,0,0,0,0,0,0,0,0,0,0,0,0,0,0,0,0,0,0,0,0,0,0,0,0,0,0,0,0,0,0,0,0,0.234333333,0,0,0,0,0,0,0
P96,0,0,0,0,0,0,0,0,0,0,0,0,0,0,0,0,0,0,0.012737381,0,0,0,0,0,0,0,0,0,0,0,0,0,0,0,0,0,0,0,0,0,0,0,0,0,0,0,0,0,0,0,0,0,0,0,0,0,0,0,0,0,0,0,0,0,0,0,0,0,0,0,0,0,0,0,0,0,0,0,0,0,0,0,0,0,0,0,0,0,0,0,0,0,0,0,0,0,0,0,0,0,0,0,0,0,0,0,0,0,0,0,0,0,0,0,0,0,0,0,0
P97,0,0,0,0,0,0,0,0,0,0,0,0,0,0,0,0,0,0,0.461333333,0,0,0,0,0,0,0,0,0,0,0,0,0,0,0,0,0,0,0,0,0,0,0,0,0,0,0,0,0,0,0,0,0,0,0,0,0,0,0,0,0,0,0,0,0,0,0,0,0,0,0,0,0,0,0,0,0,0,0,0,0,0,0,0,0,0,0,0,0,0,0,0,0,0,0,0,0,0,0,0,0,0,0,0,0,0,0,0.093833333,0,0,0,0,0.316666667,0,0,0,0,0,0,0
P98,0,0,0,0,0,0,0,0,0,0,0,0,0,0,0,0,0,0,0.115333333,0,0,0,0,0,0,0,0,0,0,0,0,0,0,0,0,0.003666667,0,0,0.242166667,0,0,0,0,0,0,0,0,0,0,0,0,0,0,0.115333333,0,0,0,0,0,0,0,0,0,0,0,0,0,0,0,0,0,0,0,0,0,0,0,0,0,0,0,0,0,0,0,0,0,0,0,0,0,0,0,0,0,0,0,0.0115,0,0,0,0,0,0,0,0,0,0,0,0,0,1.005333333,0,0,0,0,0,0,0
P99,0,0,0,0,0,0,0,0.003666667,0,0,0,0,0,0,0,0,0,0,0,0,0,0,0,0,0,0,0,0,0,0,0,0,0,0,0,0,0,0,0,0,0,0,0,0,0,0,0,0,0,0,0,0,0,0,0,0,0,0,0,0,0,0,0,0,0,0,0,0,0,0,0,0,0,0,0,0,0,0,0,0,0.115333333,0,0,0,0.115333333,0,0,0,0,0,0,0,0,0,0,0,0,0,0,0,0,0,0,0,0,0,0,0,0,0,0,0.0115,0,0,0,0,0,0,0
P100,0,0,0,0,0,0,0,0,0,0,0,0,0,0,0,0,0,0,0.003666667,0,0,0,0,0,0,0,0,0,0,0,0,0,0,0,0,0,0,0,0,0,0,0,0,0,0,0,0,0,0,0,0,0,0,0,0,0,0,0,0,0,0,0,0,0,0,0,0,0,0,0,0,0,0,0,0,0,0,0,0,0,0,0.003666667,0,0,0,0,0,0,0,0,0,0,0,0,0,0,0,0,0,0,0,0,0,0,0,0,0,0,0,0,0,0,0,0,0,0,0,0,0
P101,0.003666667,0,0,0,0.115333333,0,0,0,0,0,0,0,0,0,0,0,0,0,0.0115,0,0,0,0,0,0,0,0,0,0,0,0,0.0115,0,0,0,0,0,0,0,0,0.003666667,0,0.036333333,0,0,0,0.003666667,0,0,0,0,0,0,0,0,0,0.072666667,0,0,0,0,0,0,0,0,0,0,0,0,0,0,0,0,0,0,0,0,0,0.003666667,0,0,0,0,0,0,0.015166667,0,0,0,0,0,0,0,0,0,0,0,0,0,0,0,0,0,0,0,0,0,0,0,0,0,0.468666667,0,0,0,0,0,0,0
P102,0,0,0,0,0,0,0.0115,0.230666667,0,0,0,0,0,0,0,0,0,0,0,0,0,0,0,0,0,0,0,0,0,0.0115,0,0,0,0,0,0,0,0,0,0,0,0,0,0,0,0,0,0,0,0,0,0,0,0,0,0,0.04,0,0,0,0,0,0,0,0,0,0,0,0,0,0,0,0,0,0,0,0,0,0,0,0,0,0,0,0,0,0,0,0,0,0,0,0,0,0,0,0,0,0,0,0,0,0,0,0,0,0,0,0,0,0,0.182,0.003666667,0.036333333,0,0,0,0.242166667,0
P103,0,0,0,0,0,0,0,0,0,0,0,0,0,0,0,0,0,0,0.0115,0,0,0,0,0,0,0,0,0,0,0.115333333,0,0,0,0,0,0,0,0,0,0,0,0,0,0,0,0,0,0,0,0,0,0,0,0,0,0,0,0,0,0,0,0,0,0,0,0,0,0,0,0,0,0,0,0,0,0,0,0,0,0,0,0.003666667,0,0,0,0,0,0,0,0,0,0,0,0,0,0,0,0,0,0,0,0,0,0,0,0,0,0,0,0,0,0.035467629,0,0,0,0,0,0,0
P104,0,0,0,0,0,0,0,0,0,0,0,0,0,0,0,0,0,0,0,0,0,0,0,0,0,0,0,0,0,0,0,0,0,0,0,0,0,0,0,0,0,0,0,0,0,0,0,0,0,0,0,0,0,0,0,0,0,0,0,0,0,0,0,0,0,0,0,0,0,0,0,0,0,0,0,0,0,0,0,0,0,0,0,0,0,0,0,0,0,0,0,0,0,0,0,0,0,0,0,0,0,0,0,0,0,0,0,0,0,0,0,0.142699037,0,0,0,0,0,0,0
P105,0,0,0,0,0,0,0,0,0,0,0,0,0,0,0,0,0,0,0,0,0,0,0,0,0,0,0,0,0,0,0.003666667,0,0,0,0,0,0,0,0,0,0,0,0,0,0,0,0,0,0,0,0,0,0,0,0,0,0,0,0,0,0,0,0,0,0,0,0,0,0,0,0,0,0,0,0,0,0,0,0,0,0,0,0,0,0,0,0,0,0,0,0,0,0,0,0,0,0,0,0,0,0,0,0,0,0,0,0,0,0,0,0,0.122666667,0,0,0,0,0,0,0
P108,0,0,0,0,0,0,0,0,0,0,0,0,0,0,0,0,0,0,0,0,0,0,0,0,0,0,0,0,0,0.023,0,0,0,0,0,0,0,0,0,0,0,0,0,0,0,0,0,0,0,0,0,0,0,0,0,0,0.072666667,0,0,0,0,0,0,0,0,0,0,0,0,0,0,0,0,0,0,0,0,0,0,0,0,0,0,0,0,0,0,0,0,0,0,0,0,0,0,0,0,0,0,0,0,0,0,0,0,0,0,0,0,0,0,0.115333333,0,0.036333333,0,0,0,0,0
P110,0.023967629,0,0,0,0,0.045099323,0,0,0,0,0,0,0,0,0,0,0,0,0,0,0,0,0,0,0,0,0,0,0,0.108829963,0,0,0,0,0,0,0,0,0,0,0,0,0,0,0,0,0,0,0,0,0,0,0,0,0,0,0,0,0,0,0,0,0,0,0,0,0,0,0,0,0,0,0,0,0,0,0,0,0,0,0,0,0,0,0,0,0,0,0,0,0,0,0,0,0,0,0,0,0,0,0,0,0,0,0,0,0,0,0,0,0,0.070574085,0,0,0,0,0,0,0
P111,0,0,0,0,0,0,0,0,0,0,0,0,0,0,0,0,0,0,1.108333333,0,0,0,0,0,0,0,0,0,0,0,0,0,0,0,0,0.003666667,0,0,0,0,0,0,0,0,0,0,0,0,0,0,0,0,0,0,0,0,0.461333333,0,0,0,0,0,0,0,0,0,0,0,0,0,0,0,0,0,0,0,0,0,0,0,0,0,0,0,0,0,0,0,0,0,0,0,0,0,0,0,0,0,0,0,0,0,0,0,0,0,0,0,0,0,0,0,0,0,0,0,0,0,0
P112,0,0,0,0,0,0,0,0.072666667,0,0,0,0,0,0,0,0,0,0,1.053666667,0,0,0,0,0,0,0,0,0,0,0.0115,0,0.007333333,0,0,0,0,0,0,0,0,0.115333333,0,0,0,0,0,0,0.115333333,0,0,0,0,0,0,0,0,0.455,0,0,0,0,0.230666667,0,0,0,0,0,0,0,0,0,0,0,0,0,0,0,0,0,0,0.007333333,0.576666667,0,0,0.003666667,0,0,0,0,0,0,0,0,0,0,0,0,0,0,0,0,0,0,0,0,0,0,0.230666667,0,0,0,0.0115,0,0,0,0,0,0,0
P113,4.682333333,1.597166667,0,0,0.230666667,1.163666667,2.853,21.76433333,0,0,0,0,0,0.345,0,20.99666667,0,0,104.1623333,0,4.805,0,0,70.35733333,0.276,0,0,0,0,58.00933333,29.132,0.407,0,0,0.072666667,3.868,0,2.021666667,18.02433333,0,36.7865,0,17.30733333,0,0.759333333,0.234666667,1.206,0,0.011,6.413166667,145.0875,2.241,0.015166667,14.80883333,0,1.73,430.5653333,0.003666667,0.230666667,0,0,30.90466667,0,0,5.781333333,0,0.298666667,0,0,0.025666667,0,0,0.688666667,0,0.266666667,7.028833333,2.386333333,0,1.278,1.865666667,3.579,3.074333333,0,0.091666667,2.101,0.047666667,0.044,0.102666667,0.055,1.369666667,1.153333333,2,0,0,0.238,0.230666667,0.593333333,2.821666667,0,0,0,0,0,0,0.589166667,0.087333333,0,1.667333333,0,0,0,1942.964833,4.962333333,15.042,0,0,0.583,9.429833333,0
P114,3.809333333,0.538,0.230666667,0,0.346,0.0805,1.449666667,5.344166667,0,0,0.115333333,0,0,0.046,0,0.023,0,0,14.03516667,0,8.201333333,0,0,0.978,0.011,0,0,0,0,16.21666667,0.986666667,0,0,0,0,1.379166667,1.268666667,0.8965,4.657666667,0,14.628,0,0,0,0.498,0,0,0,0,0.736,4.9255,0.018333333,0,0.877,0,0.276666667,3.463333333,0,0.230666667,0,0,1.918,0,0,0,0,0.693833333,0,0,0,0.461333333,0,0.115333333,0,0,0.294666667,1.739833333,0,0.087333333,0.003666667,0.88,0.036333333,0,0,0.188,0.072666667,0,0.102,0,0.588166667,1.348333333,0.052333333,0.0345,0,0,0,1.4205,0.573666667,0,0,0,0,0,0,0,0.041833333,0.645666667,0,0,0,0.115333333,200.687,0.354833333,0.181666667,0,0,0.011,1.1055,0
P115,0.126833333,0.692,0,0,0,0,0.174666667,0,0,0,0,0,0,0,0,0,0,0,1.576666667,0,1.196833333,0,0,0.003666667,0,0,0,0,0,1.1195,1.017833333,0,0,0,0,0.101166667,0,0,0.115333333,0,0.657833333,0,0,0,0,0,0,0,0,0.0975,1.813,0.003666667,0,0,0,0,0.418666667,0,0,0,0,0,0,0,0,0,0.115333333,0,0,0,0,0,0,0,0,0.036333333,0,0,0,0.003666667,0,0,0,0,0,0,0,0,0,0,0.151666667,0,0,0,0,0,0,0,0,0,0,0,0,0,0,0.026666667,0,0,0,0,0,10.5135,0.062,0.109,0,0,0.0575,0.070833333,0
P116,0.414166667,0,0,0,0,0,0.214666667,0.542333333,0,0,0,0,0,0,0,0.115333333,0,0,1.993833333,0,2.481237381,0,0,0,0,0,0,0,0,3.252737381,0,0,0,0,0,0.0225,0,0.371666667,0.514333333,0,2.286666667,0,0.109,0,0.447166667,0,0,0,0,0.109,0.912333333,0,0,0.003666667,0,0,0.435333333,0,0.063,0,0,0.230666667,0,0,0,0,0.245333333,0,0,0,0,0,0.047833333,0,0.007333333,0.046,0.007333333,0,0.046,0,0.003666667,0,0,0,0,0,0,0.036333333,0,0,0.245833333,0.003666667,0,0,0,0,0.247333333,0.023,0,0,0,0,0,0,0,0.072666667,0,0,0,0,0,22.46721098,0.349666667,0.327,0,0,0.023,0.591362333,0
P117,0.119,0.160432657,0,0,0,0.084862333,0.169724666,0,0,0,0,0,0,0,0,0.129961656,0,0,0.641606078,0,1.210279678,0,0,0,0,0,0,0,0,1.543445072,0.084862333,0,0,0,0,0,0,0.129961656,0,0,0.244911571,0,0,0,0,0,0,0,0,0,0.21482399,0,0,0,0,0,0,0,0,0,0,0,0,0,0,0,0,0,0,0,0,0,0,0,0,0,0.023,0,0.0115,0,0,0,0,0,0,0,0,0,0,0,0,0,0,0,0,0,0,0,0,0,0,0,0,0,0,0,0,0,0,0,0,7.410862734,0.014666667,0,0,0,0,0,0
P118,0,0.129961656,0,0,0,0.084862333,0.072666667,0.012737381,0,0,0,0,0,0,0,0,0,0,0.114436027,0,0.178435259,0,0,0,0,0,0,0,0,0.747438239,0.036333333,0,0,0,0,0.012737381,0,0.012737381,0,0,1.540135065,0,0,0,0,0,0,0,0,0.084862333,0,0,0,0.04,0,0,0,0,0.045099323,0,0,0.115333333,0,0,0,0,0,0,0,0,0,0,0,0,0,0.072666667,0,0,0,0,0,0,0,0,0,0,0,0,0.045099323,0,0.084862333,0.04876599,0,0,0,0,0,0,0,0,0,0,0,0,0,0,0,0,0,0,0,3.731172923,0,0,0,0,0,0.274333333,0
P119,0,0,0,0,0,0,0.169724666,0,0,0,0,0,0,0,0,0.084862333,0,0,0.074917153,0,0.070574085,0,0,0,0,0,0,0,0,0.987306353,0,0,0,0,0,0,0,0.084862333,0,0,0.192141429,0,0,0,0,0,0,0,0,0,0,0,0,0,0,0,0,0,0,0,0,0,0,0,0,0,0.023967629,0,0,0,0,0,0,0,0,0,0,0,0,0,0.047935259,0,0,0,0,0,0,0,0,0,0,0,0,0,0,0,0,0,0,0,0,0,0,0,0,0,0,0,0,0,0,3.359095718,0,0,0,0,0,0,0
P120,0,0,0,0,0,0,0,0,0,0,0,0,0,0,0,0,0,0,0.012737381,0,0,0,0,0,0,0,0,0,0,0.207936809,0,0,0,0,0,0,0,0,0,0,0,0,0,0,0,0,0,0,0,0,0,0,0,0,0,0,0.045099323,0,0,0,0,0,0,0,0,0,0,0,0,0,0,0,0,0,0,0,0,0,0,0,0,0,0,0,0,0,0,0,0,0,0,0,0,0,0,0,0,0,0,0,0,0,0,0,0,0,0,0,0,0,0,0.937776493,0,0,0,0,0,0,0
P121,0.047935259,0.084862333,0,0,0,0,0,0.155436418,0,0,0,0,0,0,0,0,0,0,0.158272354,0,0.169724666,0,0,0,0,0,0,0,0,0.503058,0,0,0,0,0,0.090198646,0,0,0.045099323,0,0.023967629,0,0,0,0,0,0,0,0,0,0.084862333,0,0,0.012737381,0,0,0,0,0,0,0,0,0,0,0,0,0,0,0,0,0,0,0,0,0,0,0,0,0,0,0,0.045099323,0,0,0,0,0,0,0,0,0,0,0,0,0,0,0.084862333,0,0,0,0,0,0,0,0,0,0,0,0,0,0,1.22067419,0,0,0,0,0,0,0
P122,0,0,0,0,0,0,0,0,0,0,0,0,0,0,0,0,0,0,0,0,0,0,0,0,0,0,0,0,0,0,0,0,0,0,0,0,0,0,0,0,0,0,0,0,0,0,0,0,0,0,0,0,0,0,0,0,0,0,0,0,0,0,0,0,0,0,0,0,0,0,0,0,0,0,0,0,0,0,0,0,0,0,0,0,0,0,0,0,0,0,0,0,0,0,0,0,0,0,0,0,0,0,0,0,0,0,0,0,0,0,0,0.180397293,0,0,0,0,0,0,0
P123,0.469333333,0,0,0,1.845333333,0,4.334833333,2.419666667,0,0,0,0,0,0,0,0.036333333,0,0,41.251,0,2.141333333,0,0,0.003666667,0.037166667,0,0,0,0,32.7495,0,0.011,0,0,0,0.051333333,10.26466667,0,0.242166667,0,3.559833333,0,0,0,0.130166667,0.033,0.029333333,0.230666667,0,0.57,3.526333333,0,0,0.721333333,0,0,0.6525,0,0,0,0,0.230666667,0,0,0.023,0,0.003666667,0,0,0,0,0,0,0,0,0,0.0345,0.230666667,0.083166667,0.007333333,0.025666667,0.003666667,0,0.023,9.803333333,0.150333333,0,0.115333333,0,2.883333333,0.041333333,0.0115,0,0,0,0,0.007333333,1.104666667,0,0.0575,0,0,0,0,0,0,0.46,0,0,0,0,43.36716667,0.0115,0,0,0,0,0.0575,0
P124,0.084,0.0115,0,0,0.461333333,0,1.7,0.709166667,0,0,0,0,0,0,0,0.036333333,0,0,6.225833333,0,2.242333333,0,0,0.003666667,0,0,0,0,0,7.616666667,0.023,0.145333333,0,0,0,0.087833333,3.229333333,0,0.194333333,0,1.588833333,0,0,0,0.126833333,0,0,0,0,0,0.346,0,0,0.534,0,0,1.526666667,0,0.174666667,0,0,0,0,0,0,0,0,0,0,0,0,0,0,0,0,0,0,0,0.003666667,0,0,0,0,0,1.153333333,0.278333333,0,0.115333333,0,1.614666667,0,0,0,0,0,0,0,0.770833333,0,0,0,0,0,0,0,0.003666667,0,0,0,0,0,28.7025,0.230666667,0,0,0,0,0.072666667,0
P125,0.018333333,0,0,0,0,0,0.9885,0,0,0,0,0,0,0,0,0,0,0,0.003666667,0,0.018833333,0,0,0,0,0,0,0,0,1.494166667,0.072666667,0,0,0,0,0.023,0.922666667,0,0,0,1.581833333,0,0,0,0.046,0,0,0,0,0.0115,0.036333333,0,0,0.0115,0,0,0.393333333,0,0,0,0,0,0,0,0,0,0,0,0,0,0,0,0,0,0,0,0,0,0,0,0,0,0,0,0.230666667,0.315333333,0,0,0,0.807333333,0.0115,0,0,0,0,0,0.036333333,0,0,0,0,0,0,0,0,0,0,0,0,0,0,2.683166667,0,0,0,0,0,0,0
P126,0,0,0,0,0,0,0.251,0.115333333,0,0,0,0,0,0,0,0,0,0,0.251,0,0.082333333,0,0,0,0,0,0,0,0,0.0965,0.072666667,0,0,0,0,0,0,0,0,0,0.564833333,0,0,0,0,0,0,0,0,0,0,0,0,0,0,0,0.582333333,0,0,0,0,0,0,0,0,0,0,0,0,0,0,0,0,0,0,0,0,0,0,0.036333333,0,0,0,0,0,0,0,0,0,0,0,0,0,0,0,0,0,0,0,0,0,0,0,0,0,0,0,0,0,0,0,1.6155,0,0,0,0,0,0,0
P127,0.018833333,0,0,0,0,0,0,0.046,0,0,0,0,0,0,0,0,0,0,0.29,0,0.047833333,0,0,0,0,0,0,0,0,0.066666667,0,0,0,0,0,0.0115,0,0,0.036333333,0,0.047833333,0,0,0,0,0,0,0,0,0,0,0,0,0.115333333,0,0,0,0,0,0,0,0,0,0,0,0,0,0,0,0,0,0,0,0,0,0,0,0,0,0,0,0,0,0,0,0,0,0,0,0,0,0,0,0,0,0,0,0.0115,0,0,0,0,0,0,0,0,0,0,0,0,0,0.463,0,0,0,0,0,0,0
P128,0,0,0,0,0,0,0,0,0,0,0,0,0,0,0,0,0,0,0,0,0,0,0,0,0,0,0,0,0,0,0,0,0,0,0,0,0,0,0,0,0,0,0,0,0,0,0,0,0,0,0,0,0,0,0,0,0,0,0,0,0,0,0,0,0,0,0,0,0,0,0,0,0,0,0,0,0,0,0,0,0,0,0,0,0,0,0,0,0,0,0,0,0,0,0,0,0,0,0,0,0,0,0,0,0,0,0,0,0,0,0,0.030333333,0,0,0,0,0,0,0
P131,0,0,0,0,0,0,0,0,0,0,0,0,0,0,0,0,0,0,0.122666667,0,0,0,0,0,0,0,0,0,0,0,0,0,0,0,0,0,0,0,0,0,0.003666667,0,0,0,0,0,0,0,0,0,0,0,0,0,0,0,0,0,0,0,0,0,0,0,0,0,0,0,0,0,0,0,0,0,0,0,0,0,0,0,0,0,0,0,0,0,0,0,0,0,0,0,0,0,0,0,0,0,0,0,0,0,0,0,0,0,0,0,0,0,0,0.307,0,0,0,0,0,0,0
P132,0,0,0.321,0.230666667,0,0,0,0.230833333,0,0,0,0,0,0,0,0,0,0,1.871166667,0,0,0,0,0,0.003666667,0,0,0,0,0.023,0,0,0,0,0,0,0,0,0,0,0.119,0,0,0,0,0,0,0,0,0,0,0,0,0,0,0,0.362666667,0,0,0,0,0,0,0,0,0,0,0,0,0,0,0,0,0,0,0,0,0,0,0.003666667,0.7435,0,0,0,0,0,0,0,0,0,0,0,0,0,0,0,0,0,0,0,0,0,0,0,0,0,0,0,0,0,0,1.423333333,0,0,0,0,0,0.046,0
P133,0,0,0.230666667,0,0,0,0,0,0,0,0,0,0,0,0,0,0,0,0.825666667,0,0,0,0,0,0,0,0,0,0,0,0,0,0,0,0,0,0,0,0,0,0,0,0,0,0,0,0,0,0,0,0,0,0,0,0,0,0.0115,0,0,0,0,0,0,0,0,0,0,0,0,0,0,0,0,0,0,0,0,0,0,0,0.109,0.003666667,0,0,0,0,0,0,0,0,0,0,0,0,0,0,0,0,0,0,0,0,0,0,0,0,0,0,0,0,0,0.057,0,0,0,0,0,0,0
P134,0,0,0,0,0,0,0,0,0,0,0,0,0,0,0,0,0,0,0,0,0,0,0,0,0,0,0,0,0,0,0,0,0,0,0,0,0,0,0,0,0,0,0,0,0,0,0,0,0,0,0,0,0,0,0,0,0,0,0,0,0,0,0,0,0,0,0,0,0,0,0,0,0,0,0,0,0,0,0,0,0,0.007333333,0,0,0,0,0,0,0,0,0,0,0,0,0,0,0,0,0,0,0,0,0,0,0,0,0,0,0,0,0,0.115333333,0,0,0,0,0,0,0
P135,0,0,0,0,0,0,0,0,0,0,0,0,0,0,0,0,0,0,0,0,0,0,0,0,0,0,0,0,0,0,0,0,0,0,0,0,0,0,0,0,0,0,0,0,0,0,0,0,0,0,0,0,0,0,0,0,0,0,0,0,0,0,0,0,0,0,0,0,0,0,0,0,0,0,0,0,0,0,0,0,0,0.003666667,0,0,0,0,0,0,0,0,0,0,0,0,0,0,0,0,0,0,0,0,0,0,0,0,0,0,0,0,0,0,0,0,0,0,0,0,0
P137,0,0,0,0,0,0,0,0,0,0,0,0,0,0,0,0,0,0,0,0,0,0,0,0,0,0,0,0,0,0,0,0,0,0,0,0,0,0,0.234333333,0,0,0,0,0,0,0,0,0,0,0,0,0,0,0,0,0,0,0,0,0,0,0,0,0,0,0,0,0,0,0,0,0,0,0,0,0,0,0,0,0,0,0,0,0,0,0,0,0,0,0,0,0,0,0,0,0,0,0,0,0,0,0,0,0,0,0,0,0,0,0,0,1.420666667,0,0,0,0,0,0,0
P138,0,0,2.768,0,0,0,0,0,0,0,0,0,0,0,0,0,0,0,0.119,0,0,0,0,0,0,0,0,0,0,0.007333333,0.003666667,0,0,0,0,0,0,0,0,0,0,0,0,0,0,0,0,0,0,0,0.230666667,0,0,0,0,0,0,0,0,0,0,0,0,0,0,0,0,0,0,0,0,0,0,0,0,0,0,0,0,0,0,0,0,0,0,0,0,0,0,0,0,0,0,0,0,0.218,0,0,0,0,0,0,0,0,0,0,0,0,0,0,0,2.219166667,0,0,0,0,0,0.230666667,0
P139,0,0,0,0,0,0,0,0,0,0,0,0,0,0,0,0,0,0,0.895333333,0,0,0,0,0,0,0,0,0,0,0,0,0,0,0,0,0,0,0,0,0,0,0,0,0,0,0,0,0,0,0,0,0,0,0,0,0,0.126833333,0,0,0,0,0,0,0,0,0,0,0,0,0,0,0,0,0,0,0,0,0,0,0,0,0,0,0,0,0,0,0,0,0,0,0,0,0,0,0,0,0,0,0,0,0,0,0,0,0,0,0,0,0,0,1.951333333,0,0,0,0,0,0,0
P140,0,0,0,0,0,0,0,0,0,0,0,0,0,0,0,0,0,0,0,0,0,0,0,0,0,0,0,0,0,0.015166667,0,0,0,0,0,0,0,0,0,0,0,0,0,0,0,0,0,0,0,0,0,0,0,0.0115,0,0,0,0,0,0,0,0,0,0,0,0,0,0,0,0,0,0,0,0,0,0,0,0,0,0,0,0,0,0,0,0,0,0,0,0,0,0,0,0,0,0,0,0,0,0,0,0,0,0,0,0,0,0,0,0,0,0.496833333,0,0,0,0,0,0,0
P141,0,0,0,0,0,0,0,0,0,0,0,0,0,0,0,0,0,0,0,0,0,0,0,0,0,0,0,0,0,0.0115,0,0,0,0,0,0,0,0,0,0,0,0,0,0,0,0,0,0,0,0,0,0,0,0,0,0,0,0,0,0,0,0,0,0,0,0,0,0,0,0,0,0,0,0,0,0,0,0,0,0,0,0,0,0,0,0,0,0,0,0,0,0,0,0,0,0,0,0,0,0,0,0,0,0,0,0,0,0,0,0,0,0.58,0,0,0,0,0,0,0
P142,0,0,0,0,0,0,0,0,0,0,0,0,0,0,0,0,0,0,0,0,0,0,0,0,0,0,0,0,0,0.003666667,0,0,0,0,0,0,0,0,0,0,0,0,0,0,0,0,0,0,0,0,0,0,0,0,0,0,0,0,0,0,0,0,0,0,0,0,0,0,0,0,0,0,0,0,0,0,0,0,0,0,0,0,0,0,0,0,0,0,0,0,0,0,0,0,0,0,0,0,0,0,0,0,0,0,0,0,0,0,0,0,0,0.0115,0,0,0,0,0,0,0
P143,0.012737381,0,0,0,0,0,0,0.193692296,0,0,0,0,0,0,0,0,0,0,0,0,0,0,0,0,0,0,0,0,0,0.012737381,0,0,0,0,0,0,0,0,0,0,0,0,0,0,0,0,0,0,0,0,0,0,0,0,0,0,0,0,0,0,0,0,0,0,0.097599714,0,0,0,0,0,0,0,0,0,0,0,0,0.045099323,0.090198646,0,0,0,0,0,0,0.023967629,0,0,0,0.169724666,0,0,0,0,0,0,0,0,0,0,0,0,0,0,0,0,0,0,0,0,0,0.17506098,0,0,0,0,0,0.169724666,0
P144,0.012737381,0,0,0,0,0,0,0.169724666,0,0,0,0,0,0,0,0,0,0,0.084862333,0,0,0,0,0,0,0,0,0,0,0.03670501,0,0,0,0,0,0,0,0,0,0,0,0,0,0,0,0,0,0,0,0,0,0,0,0,0,0,0.012737381,0,0,0,0,0,0,0,0.084862333,0,0,0,0,0,0,0,0,0,0,0,0,0.045099323,0,0,0,0,0,0,0,0,0,0,0,0.084862333,0,0,0,0,0,0.023967629,0,0,0,0,0,0,0,0,0,0,0,0,0,0,0,0.084862333,0,0,0,0,0,0,0
,,,,,,,,,,,,,,,,,,,,,,,,,,,,,,,,,,,,,,,,,,,,,,,,,,,,,,,,,,,,,,,,,,,,,,,,,,,,,,,,,,,,,,,,,,,,,,,,,,,,,,,,,,,,,,,,,,,,,,,
,,,,,,,,,,,,,,,,,,,,,,,,,,,,,,,,,,,,,,,,,,,,,,,,,,,,,,,,,,,,,,,,,,,,,,,,,,,,,,,,,,,,,,,,,,,,,,,,,,,,,,,,,,,,,,,,,,,,,,,
,in units per year,,,,,,,,,,,,,,,,,,,,,,,,,,,,,,,,,,,,,,,,,,,,,,,,,,,,,,,,,,,,,,,,,,,,,,,,,,,,,,,,,,,,,,,,,,,,,,,,,,,,,,,,,,,,,,,,,,,,,,